[{"pk": 7, "model": "contenttypes.contenttype", "fields": {"model": "card", "name": "card", "app_label": "Card"}}, {"pk": 4, "model": "contenttypes.contenttype", "fields": {"model": "contenttype", "name": "content type", "app_label": "contenttypes"}}, {"pk": 9, "model": "contenttypes.contenttype", "fields": {"model": "friendrelation", "name": "friend relation", "app_label": "Friend"}}, {"pk": 10, "model": "contenttypes.contenttype", "fields": {"model": "friendrequest", "name": "friend request", "app_label": "Friend"}}, {"pk": 2, "model": "contenttypes.contenttype", "fields": {"model": "group", "name": "group", "app_label": "auth"}}, {"pk": 11, "model": "contenttypes.contenttype", "fields": {"model": "notification", "name": "notification", "app_label": "Notification"}}, {"pk": 1, "model": "contenttypes.contenttype", "fields": {"model": "permission", "name": "permission", "app_label": "auth"}}, {"pk": 12, "model": "contenttypes.contenttype", "fields": {"model": "permissiontemplate", "name": "permission template", "app_label": "Permission"}}, {"pk": 8, "model": "contenttypes.contenttype", "fields": {"model": "selfdefcardcolumn", "name": "self def card column", "app_label": "Card"}}, {"pk": 5, "model": "contenttypes.contenttype", "fields": {"model": "session", "name": "session", "app_label": "sessions"}}, {"pk": 6, "model": "contenttypes.contenttype", "fields": {"model": "site", "name": "site", "app_label": "sites"}}, {"pk": 3, "model": "contenttypes.contenttype", "fields": {"model": "user", "name": "user", "app_label": "auth"}}, {"pk": "7c793216c251c145a025fd5d82330e14", "model": "sessions.session", "fields": {"expire_date": "2013-12-18T11:00:29", "session_data": "NzdmNTY2MzgxOTExMzBlYzk2MTEwYmJkZmJjM2FjYTZjZTUyN2YxMDqAAn1xAS4=\n"}}, {"pk": "b97b8a530e20f4d0b06236af9dc7159f", "model": "sessions.session", "fields": {"expire_date": "2013-12-18T07:40:37", "session_data": "NzdmNTY2MzgxOTExMzBlYzk2MTEwYmJkZmJjM2FjYTZjZTUyN2YxMDqAAn1xAS4=\n"}}, {"pk": 1, "model": "sites.site", "fields": {"domain": "example.com", "name": "example.com"}}, {"pk": 4, "model": "auth.permission", "fields": {"codename": "add_group", "name": "Can add group", "content_type": 2}}, {"pk": 5, "model": "auth.permission", "fields": {"codename": "change_group", "name": "Can change group", "content_type": 2}}, {"pk": 6, "model": "auth.permission", "fields": {"codename": "delete_group", "name": "Can delete group", "content_type": 2}}, {"pk": 1, "model": "auth.permission", "fields": {"codename": "add_permission", "name": "Can add permission", "content_type": 1}}, {"pk": 2, "model": "auth.permission", "fields": {"codename": "change_permission", "name": "Can change permission", "content_type": 1}}, {"pk": 3, "model": "auth.permission", "fields": {"codename": "delete_permission", "name": "Can delete permission", "content_type": 1}}, {"pk": 7, "model": "auth.permission", "fields": {"codename": "add_user", "name": "Can add user", "content_type": 3}}, {"pk": 8, "model": "auth.permission", "fields": {"codename": "change_user", "name": "Can change user", "content_type": 3}}, {"pk": 9, "model": "auth.permission", "fields": {"codename": "delete_user", "name": "Can delete user", "content_type": 3}}, {"pk": 19, "model": "auth.permission", "fields": {"codename": "add_card", "name": "Can add card", "content_type": 7}}, {"pk": 20, "model": "auth.permission", "fields": {"codename": "change_card", "name": "Can change card", "content_type": 7}}, {"pk": 21, "model": "auth.permission", "fields": {"codename": "delete_card", "name": "Can delete card", "content_type": 7}}, {"pk": 22, "model": "auth.permission", "fields": {"codename": "add_selfdefcardcolumn", "name": "Can add self def card column", "content_type": 8}}, {"pk": 23, "model": "auth.permission", "fields": {"codename": "change_selfdefcardcolumn", "name": "Can change self def card column", "content_type": 8}}, {"pk": 24, "model": "auth.permission", "fields": {"codename": "delete_selfdefcardcolumn", "name": "Can delete self def card column", "content_type": 8}}, {"pk": 10, "model": "auth.permission", "fields": {"codename": "add_contenttype", "name": "Can add content type", "content_type": 4}}, {"pk": 11, "model": "auth.permission", "fields": {"codename": "change_contenttype", "name": "Can change content type", "content_type": 4}}, {"pk": 12, "model": "auth.permission", "fields": {"codename": "delete_contenttype", "name": "Can delete content type", "content_type": 4}}, {"pk": 25, "model": "auth.permission", "fields": {"codename": "add_friendrelation", "name": "Can add friend relation", "content_type": 9}}, {"pk": 26, "model": "auth.permission", "fields": {"codename": "change_friendrelation", "name": "Can change friend relation", "content_type": 9}}, {"pk": 27, "model": "auth.permission", "fields": {"codename": "delete_friendrelation", "name": "Can delete friend relation", "content_type": 9}}, {"pk": 28, "model": "auth.permission", "fields": {"codename": "add_friendrequest", "name": "Can add friend request", "content_type": 10}}, {"pk": 29, "model": "auth.permission", "fields": {"codename": "change_friendrequest", "name": "Can change friend request", "content_type": 10}}, {"pk": 30, "model": "auth.permission", "fields": {"codename": "delete_friendrequest", "name": "Can delete friend request", "content_type": 10}}, {"pk": 31, "model": "auth.permission", "fields": {"codename": "add_notification", "name": "Can add notification", "content_type": 11}}, {"pk": 32, "model": "auth.permission", "fields": {"codename": "change_notification", "name": "Can change notification", "content_type": 11}}, {"pk": 33, "model": "auth.permission", "fields": {"codename": "delete_notification", "name": "Can delete notification", "content_type": 11}}, {"pk": 34, "model": "auth.permission", "fields": {"codename": "add_permissiontemplate", "name": "Can add permission template", "content_type": 12}}, {"pk": 35, "model": "auth.permission", "fields": {"codename": "change_permissiontemplate", "name": "Can change permission template", "content_type": 12}}, {"pk": 36, "model": "auth.permission", "fields": {"codename": "delete_permissiontemplate", "name": "Can delete permission template", "content_type": 12}}, {"pk": 13, "model": "auth.permission", "fields": {"codename": "add_session", "name": "Can add session", "content_type": 5}}, {"pk": 14, "model": "auth.permission", "fields": {"codename": "change_session", "name": "Can change session", "content_type": 5}}, {"pk": 15, "model": "auth.permission", "fields": {"codename": "delete_session", "name": "Can delete session", "content_type": 5}}, {"pk": 16, "model": "auth.permission", "fields": {"codename": "add_site", "name": "Can add site", "content_type": 6}}, {"pk": 17, "model": "auth.permission", "fields": {"codename": "change_site", "name": "Can change site", "content_type": 6}}, {"pk": 18, "model": "auth.permission", "fields": {"codename": "delete_site", "name": "Can delete site", "content_type": 6}}, {"pk": 18, "model": "auth.user", "fields": {"username": "Graham Lang", "first_name": "", "last_name": "", "is_active": true, "is_superuser": false, "is_staff": false, "last_login": "2013-12-04T11:04:50", "groups": [], "user_permissions": [], "password": "pbkdf2_sha256$10000$SNFHyccuqfR8$3YcCQar8S4Hflq9kdT5EsFGdSgVmWuq133NIEiVXuqw=", "email": "vitae.aliquet@sed.edu", "date_joined": "2013-12-04T11:04:50"}}, {"pk": 19, "model": "auth.user", "fields": {"username": "Caleb Cummings", "first_name": "", "last_name": "", "is_active": true, "is_superuser": false, "is_staff": false, "last_login": "2013-12-04T11:04:51", "groups": [], "user_permissions": [], "password": "pbkdf2_sha256$10000$BPFWdSECHuUA$7ue1ROQryvN0GVjHXuVoWYyDr26JiwnJ4e21u3bFMJw=", "email": "In.lorem@laciniaorci.co.uk", "date_joined": "2013-12-04T11:04:51"}}, {"pk": 20, "model": "auth.user", "fields": {"username": "Raphael Holt", "first_name": "", "last_name": "", "is_active": true, "is_superuser": false, "is_staff": false, "last_login": "2013-12-04T11:04:51", "groups": [], "user_permissions": [], "password": "pbkdf2_sha256$10000$c4a7YunQIoyO$PtqAj0ZnmY9ZF0VzrMa6bHw+aPg0AZljEZnHM+OB6Eg=", "email": "Mauris.non@nonjustoProin.com", "date_joined": "2013-12-04T11:04:51"}}, {"pk": 21, "model": "auth.user", "fields": {"username": "Raja Velasquez", "first_name": "", "last_name": "", "is_active": true, "is_superuser": false, "is_staff": false, "last_login": "2013-12-04T11:04:51", "groups": [], "user_permissions": [], "password": "pbkdf2_sha256$10000$LmZoX5xRLJ3e$ruc/SDp+kaN+w7F6GrL/2HVhqzvAu+V0V1HwOj9eAhw=", "email": "pharetra.sed@Nam.ca", "date_joined": "2013-12-04T11:04:51"}}, {"pk": 22, "model": "auth.user", "fields": {"username": "Nash Gay", "first_name": "", "last_name": "", "is_active": true, "is_superuser": false, "is_staff": false, "last_login": "2013-12-04T11:04:51", "groups": [], "user_permissions": [], "password": "pbkdf2_sha256$10000$f41kNDx59SuZ$p7WW+AWcbh/gRzL8N2w+h7EqTLRmSw9v07wYn2c52eI=", "email": "In.ornare@lacusNulla.org", "date_joined": "2013-12-04T11:04:51"}}, {"pk": 23, "model": "auth.user", "fields": {"username": "Kevin Morse", "first_name": "", "last_name": "", "is_active": true, "is_superuser": false, "is_staff": false, "last_login": "2013-12-04T11:04:51", "groups": [], "user_permissions": [], "password": "pbkdf2_sha256$10000$k94PKFh1s902$Su/dwRA+N703U4nt+qUjq9PdABjZip1Vt7puTNDScEE=", "email": "amet.dapibus.id@arcuMorbisit.org", "date_joined": "2013-12-04T11:04:51"}}, {"pk": 24, "model": "auth.user", "fields": {"username": "Elvis Chavez", "first_name": "", "last_name": "", "is_active": true, "is_superuser": false, "is_staff": false, "last_login": "2013-12-04T11:04:51", "groups": [], "user_permissions": [], "password": "pbkdf2_sha256$10000$Ocuqp4PlGKcA$Ywpagiw3Bg9nHSzgSJ8bgauqQ6xysgkXeopVNVhEEBI=", "email": "non@molestieintempus.edu", "date_joined": "2013-12-04T11:04:51"}}, {"pk": 25, "model": "auth.user", "fields": {"username": "Paki Parker", "first_name": "", "last_name": "", "is_active": true, "is_superuser": false, "is_staff": false, "last_login": "2013-12-04T11:04:51", "groups": [], "user_permissions": [], "password": "pbkdf2_sha256$10000$7nxXvXVhCoQf$FXddjfv3nFrGEfisnb/YXP2KZFSshejNu5wiGSlfgdI=", "email": "sit@habitant.net", "date_joined": "2013-12-04T11:04:51"}}, {"pk": 26, "model": "auth.user", "fields": {"username": "Harding Price", "first_name": "", "last_name": "", "is_active": true, "is_superuser": false, "is_staff": false, "last_login": "2013-12-04T11:04:51", "groups": [], "user_permissions": [], "password": "pbkdf2_sha256$10000$G9Sl3zizFZfH$C6HlO6VAVRKQ7/6fgOCNgVgWl3p6vn3u9hSxGn72OP4=", "email": "Nulla.eu@atiaculis.ca", "date_joined": "2013-12-04T11:04:51"}}, {"pk": 27, "model": "auth.user", "fields": {"username": "Wesley Joseph", "first_name": "", "last_name": "", "is_active": true, "is_superuser": false, "is_staff": false, "last_login": "2013-12-04T11:04:51", "groups": [], "user_permissions": [], "password": "pbkdf2_sha256$10000$Ty4xnB1kkeuN$ndSoIyHBQBBP4LopZe+YQnCu883BtbH/ZnmoMGRlCSE=", "email": "turpis.egestas@et.net", "date_joined": "2013-12-04T11:04:51"}}, {"pk": 28, "model": "auth.user", "fields": {"username": "Phillip Duncan", "first_name": "", "last_name": "", "is_active": true, "is_superuser": false, "is_staff": false, "last_login": "2013-12-04T11:04:51", "groups": [], "user_permissions": [], "password": "pbkdf2_sha256$10000$W8gdDYp32r37$TRSVk6OzK+lMr1S/A2phV3OTgsdcFjqUrgSwZaBrM+g=", "email": "facilisis@magnaCras.ca", "date_joined": "2013-12-04T11:04:51"}}, {"pk": 29, "model": "auth.user", "fields": {"username": "Wade Mercado", "first_name": "", "last_name": "", "is_active": true, "is_superuser": false, "is_staff": false, "last_login": "2013-12-04T11:04:51", "groups": [], "user_permissions": [], "password": "pbkdf2_sha256$10000$BviZwxsvtrwi$Tc4PYRNCiF/r3uhtiEsBl9GeQzq7z4BsLoMScGBo6N4=", "email": "nulla.vulputate@sollicitudincommodo.co.uk", "date_joined": "2013-12-04T11:04:51"}}, {"pk": 30, "model": "auth.user", "fields": {"username": "Ferris Fulton", "first_name": "", "last_name": "", "is_active": true, "is_superuser": false, "is_staff": false, "last_login": "2013-12-04T11:04:52", "groups": [], "user_permissions": [], "password": "pbkdf2_sha256$10000$HjYncNCDQIFY$pmDDV2WbvCctpUuaneKxkid0+kG2XszZnBRA5GzzZRA=", "email": "natoque@sitametmassa.net", "date_joined": "2013-12-04T11:04:52"}}, {"pk": 31, "model": "auth.user", "fields": {"username": "Burton Hancock", "first_name": "", "last_name": "", "is_active": true, "is_superuser": false, "is_staff": false, "last_login": "2013-12-04T11:04:52", "groups": [], "user_permissions": [], "password": "pbkdf2_sha256$10000$d74dFFv93rjB$NhkXlAG1tTC7k6k5Uv9bePWvbyzZXXE7LYgViPGClhI=", "email": "pharetra@maurisSuspendissealiquet.net", "date_joined": "2013-12-04T11:04:52"}}, {"pk": 32, "model": "auth.user", "fields": {"username": "Louis Black", "first_name": "", "last_name": "", "is_active": true, "is_superuser": false, "is_staff": false, "last_login": "2013-12-04T11:04:52", "groups": [], "user_permissions": [], "password": "pbkdf2_sha256$10000$vHNGu9UIAx6E$p46ZxLYF4pJJ8IWXDgaU3ACAWnuRNyI0bZ9TZFYszHc=", "email": "purus.mauris@semPellentesque.com", "date_joined": "2013-12-04T11:04:52"}}, {"pk": 18, "model": "Card.card", "fields": {"citizenship": "Aruba", "twitter": "", "linkedin": "", "tumblr": "", "skype": "", "city2": "Washington, D.C., DC, United States", "city3": "Washington, D.C., DC, United States", "email4": "vitae.aliquet@sed.edu", "email5": "vitae.aliquet@sed.edu", "email2": "vitae.aliquet@sed.edu", "email3": "vitae.aliquet@sed.edu", "city4": "Washington, D.C., DC, United States", "email1": "vitae.aliquet@sed.edu", "instagram": "", "soundURL": "https://s3.amazonaws.com/knot/Tyrone+Tillman.wav", "city1": "Washington, D.C., DC, United States", "title": "Nunc Mauris Limited", "imageURL": "https://s3.amazonaws.com/knot/default.jpg", "googlePlus": "", "blog": "", "phone3": "(699) 236-2442", "city5": "Washington, D.C., DC, United States", "vimeo": "", "phone1": "(699) 236-2442", "phone2": "(699) 236-2442", "address1": "Ap #458-4392 Ut Avenue", "address2": "Ap #458-4392 Ut Avenue", "address3": "Ap #458-4392 Ut Avenue", "address4": "Ap #458-4392 Ut Avenue", "address5": "Ap #458-4392 Ut Avenue", "phone4": "(699) 236-2442", "phone5": "(699) 236-2442", "birthday": "1994-04-09", "facebook": "", "user": 18, "github": "", "firstName": "Graham", "lastName": "Lang", "time": "2013-06-09T11:04:53", "gender": "M"}}, {"pk": 19, "model": "Card.card", "fields": {"citizenship": "Ecuador", "twitter": "", "linkedin": "", "tumblr": "", "skype": "", "city2": "Washington, D.C., DC, United States", "city3": "Washington, D.C., DC, United States", "email4": "In.lorem@laciniaorci.co.uk", "email5": "In.lorem@laciniaorci.co.uk", "email2": "In.lorem@laciniaorci.co.uk", "email3": "In.lorem@laciniaorci.co.uk", "city4": "Washington, D.C., DC, United States", "email1": "In.lorem@laciniaorci.co.uk", "instagram": "", "soundURL": "https://s3.amazonaws.com/knot/Tyrone+Tillman.wav", "city1": "Washington, D.C., DC, United States", "title": "Metus Aenean Sed Foundation", "imageURL": "https://s3.amazonaws.com/knot/default.jpg", "googlePlus": "", "blog": "", "phone3": "(571) 854-6154", "city5": "Washington, D.C., DC, United States", "vimeo": "", "phone1": "(571) 854-6154", "phone2": "(571) 854-6154", "address1": "P.O. Box 518, 5435 Mi Av.", "address2": "P.O. Box 518, 5435 Mi Av.", "address3": "P.O. Box 518, 5435 Mi Av.", "address4": "P.O. Box 518, 5435 Mi Av.", "address5": "P.O. Box 518, 5435 Mi Av.", "phone4": "(571) 854-6154", "phone5": "(571) 854-6154", "birthday": "1978-05-13", "facebook": "", "user": 19, "github": "", "firstName": "Caleb", "lastName": "Cummings", "time": "2013-11-28T11:04:53", "gender": "M"}}, {"pk": 20, "model": "Card.card", "fields": {"citizenship": "Sao Tome and Principe", "twitter": "", "linkedin": "", "tumblr": "", "skype": "", "city2": "Washington, D.C., DC, United States", "city3": "Washington, D.C., DC, United States", "email4": "Mauris.non@nonjustoProin.com", "email5": "Mauris.non@nonjustoProin.com", "email2": "Mauris.non@nonjustoProin.com", "email3": "Mauris.non@nonjustoProin.com", "city4": "Washington, D.C., DC, United States", "email1": "Mauris.non@nonjustoProin.com", "instagram": "", "soundURL": "https://s3.amazonaws.com/knot/Tyrone+Tillman.wav", "city1": "Washington, D.C., DC, United States", "title": "Orci Corporation", "imageURL": "https://s3.amazonaws.com/knot/default.jpg", "googlePlus": "", "blog": "", "phone3": "(536) 433-5510", "city5": "Washington, D.C., DC, United States", "vimeo": "", "phone1": "(536) 433-5510", "phone2": "(536) 433-5510", "address1": "8615 Mauris Av.", "address2": "8615 Mauris Av.", "address3": "8615 Mauris Av.", "address4": "8615 Mauris Av.", "address5": "8615 Mauris Av.", "phone4": "(536) 433-5510", "phone5": "(536) 433-5510", "birthday": "1978-03-21", "facebook": "", "user": 20, "github": "", "firstName": "Raphael", "lastName": "Holt", "time": "2013-08-21T11:04:53", "gender": "M"}}, {"pk": 21, "model": "Card.card", "fields": {"citizenship": "United States Minor Outlying Islands", "twitter": "", "linkedin": "", "tumblr": "", "skype": "", "city2": "Washington, D.C., DC, United States", "city3": "Washington, D.C., DC, United States", "email4": "pharetra.sed@Nam.ca", "email5": "pharetra.sed@Nam.ca", "email2": "pharetra.sed@Nam.ca", "email3": "pharetra.sed@Nam.ca", "city4": "Washington, D.C., DC, United States", "email1": "pharetra.sed@Nam.ca", "instagram": "", "soundURL": "https://s3.amazonaws.com/knot/Tyrone+Tillman.wav", "city1": "Washington, D.C., DC, United States", "title": "Mollis Integer Tincidunt Institute", "imageURL": "https://s3.amazonaws.com/knot/default.jpg", "googlePlus": "", "blog": "", "phone3": "(673) 741-1593", "city5": "Washington, D.C., DC, United States", "vimeo": "", "phone1": "(673) 741-1593", "phone2": "(673) 741-1593", "address1": "Ap #537-857 Dui Ave", "address2": "Ap #537-857 Dui Ave", "address3": "Ap #537-857 Dui Ave", "address4": "Ap #537-857 Dui Ave", "address5": "Ap #537-857 Dui Ave", "phone4": "(673) 741-1593", "phone5": "(673) 741-1593", "birthday": "1988-07-07", "facebook": "", "user": 21, "github": "", "firstName": "Raja", "lastName": "Velasquez", "time": "2013-03-22T11:04:53", "gender": "M"}}, {"pk": 22, "model": "Card.card", "fields": {"citizenship": "Sierra Leone", "twitter": "", "linkedin": "", "tumblr": "", "skype": "", "city2": "Washington, D.C., DC, United States", "city3": "Washington, D.C., DC, United States", "email4": "In.ornare@lacusNulla.org", "email5": "In.ornare@lacusNulla.org", "email2": "In.ornare@lacusNulla.org", "email3": "In.ornare@lacusNulla.org", "city4": "Washington, D.C., DC, United States", "email1": "In.ornare@lacusNulla.org", "instagram": "", "soundURL": "https://s3.amazonaws.com/knot/Tyrone+Tillman.wav", "city1": "Washington, D.C., DC, United States", "title": "Lorem LLP", "imageURL": "https://s3.amazonaws.com/knot/default.jpg", "googlePlus": "", "blog": "", "phone3": "(768) 719-9903", "city5": "Washington, D.C., DC, United States", "vimeo": "", "phone1": "(768) 719-9903", "phone2": "(768) 719-9903", "address1": "Ap #836-8197 Quis, Rd.", "address2": "Ap #836-8197 Quis, Rd.", "address3": "Ap #836-8197 Quis, Rd.", "address4": "Ap #836-8197 Quis, Rd.", "address5": "Ap #836-8197 Quis, Rd.", "phone4": "(768) 719-9903", "phone5": "(768) 719-9903", "birthday": "1980-09-17", "facebook": "", "user": 22, "github": "", "firstName": "Nash", "lastName": "Gay", "time": "2013-06-24T11:04:53", "gender": "M"}}, {"pk": 23, "model": "Card.card", "fields": {"citizenship": "Mayotte", "twitter": "", "linkedin": "", "tumblr": "", "skype": "", "city2": "Peking, Beijing, China", "city3": "Peking, Beijing, China", "email4": "amet.dapibus.id@arcuMorbisit.org", "email5": "amet.dapibus.id@arcuMorbisit.org", "email2": "amet.dapibus.id@arcuMorbisit.org", "email3": "amet.dapibus.id@arcuMorbisit.org", "city4": "Peking, Beijing, China", "email1": "amet.dapibus.id@arcuMorbisit.org", "instagram": "", "soundURL": "https://s3.amazonaws.com/knot/Tyrone+Tillman.wav", "city1": "Peking, Beijing, China", "title": "Nisi Inc.", "imageURL": "https://s3.amazonaws.com/knot/default.jpg", "googlePlus": "", "blog": "", "phone3": "(812) 343-2991", "city5": "Peking, Beijing, China", "vimeo": "", "phone1": "(812) 343-2991", "phone2": "(812) 343-2991", "address1": "Ap #937-5098 Phasellus Street", "address2": "Ap #937-5098 Phasellus Street", "address3": "Ap #937-5098 Phasellus Street", "address4": "Ap #937-5098 Phasellus Street", "address5": "Ap #937-5098 Phasellus Street", "phone4": "(812) 343-2991", "phone5": "(812) 343-2991", "birthday": "1998-09-14", "facebook": "", "user": 23, "github": "", "firstName": "Kevin", "lastName": "Morse", "time": "2013-03-05T11:04:53", "gender": "F"}}, {"pk": 24, "model": "Card.card", "fields": {"citizenship": "Moldova", "twitter": "", "linkedin": "", "tumblr": "", "skype": "", "city2": "Washington, D.C., DC, United States", "city3": "Washington, D.C., DC, United States", "email4": "non@molestieintempus.edu", "email5": "non@molestieintempus.edu", "email2": "non@molestieintempus.edu", "email3": "non@molestieintempus.edu", "city4": "Washington, D.C., DC, United States", "email1": "non@molestieintempus.edu", "instagram": "", "soundURL": "https://s3.amazonaws.com/knot/Tyrone+Tillman.wav", "city1": "Washington, D.C., DC, United States", "title": "Dolor Company", "imageURL": "https://s3.amazonaws.com/knot/default.jpg", "googlePlus": "", "blog": "", "phone3": "(736) 571-0281", "city5": "Washington, D.C., DC, United States", "vimeo": "", "phone1": "(736) 571-0281", "phone2": "(736) 571-0281", "address1": "432-8173 Diam St.", "address2": "432-8173 Diam St.", "address3": "432-8173 Diam St.", "address4": "432-8173 Diam St.", "address5": "432-8173 Diam St.", "phone4": "(736) 571-0281", "phone5": "(736) 571-0281", "birthday": "1967-06-23", "facebook": "", "user": 24, "github": "", "firstName": "Elvis", "lastName": "Chavez", "time": "2012-12-03T11:04:53", "gender": "M"}}, {"pk": 25, "model": "Card.card", "fields": {"citizenship": "Barbados", "twitter": "", "linkedin": "", "tumblr": "", "skype": "", "city2": "Peking, Beijing, China", "city3": "Peking, Beijing, China", "email4": "sit@habitant.net", "email5": "sit@habitant.net", "email2": "sit@habitant.net", "email3": "sit@habitant.net", "city4": "Peking, Beijing, China", "email1": "sit@habitant.net", "instagram": "", "soundURL": "https://s3.amazonaws.com/knot/Tyrone+Tillman.wav", "city1": "Peking, Beijing, China", "title": "Laoreet Posuere Industries", "imageURL": "https://s3.amazonaws.com/knot/default.jpg", "googlePlus": "", "blog": "", "phone3": "(805) 351-8036", "city5": "Peking, Beijing, China", "vimeo": "", "phone1": "(805) 351-8036", "phone2": "(805) 351-8036", "address1": "Ap #114-5981 Sit Rd.", "address2": "Ap #114-5981 Sit Rd.", "address3": "Ap #114-5981 Sit Rd.", "address4": "Ap #114-5981 Sit Rd.", "address5": "Ap #114-5981 Sit Rd.", "phone4": "(805) 351-8036", "phone5": "(805) 351-8036", "birthday": "1979-07-04", "facebook": "", "user": 25, "github": "", "firstName": "Paki", "lastName": "Parker", "time": "2012-10-15T11:04:53", "gender": "M"}}, {"pk": 26, "model": "Card.card", "fields": {"citizenship": "Germany", "twitter": "", "linkedin": "", "tumblr": "", "skype": "", "city2": "Peking, Beijing, China", "city3": "Peking, Beijing, China", "email4": "Nulla.eu@atiaculis.ca", "email5": "Nulla.eu@atiaculis.ca", "email2": "Nulla.eu@atiaculis.ca", "email3": "Nulla.eu@atiaculis.ca", "city4": "Peking, Beijing, China", "email1": "Nulla.eu@atiaculis.ca", "instagram": "", "soundURL": "https://s3.amazonaws.com/knot/Tyrone+Tillman.wav", "city1": "Peking, Beijing, China", "title": "Vestibulum Massa Consulting", "imageURL": "https://s3.amazonaws.com/knot/default.jpg", "googlePlus": "", "blog": "", "phone3": "(978) 636-0280", "city5": "Peking, Beijing, China", "vimeo": "", "phone1": "(978) 636-0280", "phone2": "(978) 636-0280", "address1": "P.O. Box 358, 6310 Litora St.", "address2": "P.O. Box 358, 6310 Litora St.", "address3": "P.O. Box 358, 6310 Litora St.", "address4": "P.O. Box 358, 6310 Litora St.", "address5": "P.O. Box 358, 6310 Litora St.", "phone4": "(978) 636-0280", "phone5": "(978) 636-0280", "birthday": "1965-03-20", "facebook": "", "user": 26, "github": "", "firstName": "Harding", "lastName": "Price", "time": "2013-06-28T11:04:53", "gender": "F"}}, {"pk": 27, "model": "Card.card", "fields": {"citizenship": "Moldova", "twitter": "", "linkedin": "", "tumblr": "", "skype": "", "city2": "Peking, Beijing, China", "city3": "Peking, Beijing, China", "email4": "turpis.egestas@et.net", "email5": "turpis.egestas@et.net", "email2": "turpis.egestas@et.net", "email3": "turpis.egestas@et.net", "city4": "Peking, Beijing, China", "email1": "turpis.egestas@et.net", "instagram": "", "soundURL": "https://s3.amazonaws.com/knot/Tyrone+Tillman.wav", "city1": "Peking, Beijing, China", "title": "Etiam Laoreet Libero LLC", "imageURL": "https://s3.amazonaws.com/knot/default.jpg", "googlePlus": "", "blog": "", "phone3": "(800) 488-7877", "city5": "Peking, Beijing, China", "vimeo": "", "phone1": "(800) 488-7877", "phone2": "(800) 488-7877", "address1": "3050 Dolor Av.", "address2": "3050 Dolor Av.", "address3": "3050 Dolor Av.", "address4": "3050 Dolor Av.", "address5": "3050 Dolor Av.", "phone4": "(800) 488-7877", "phone5": "(800) 488-7877", "birthday": "1990-07-06", "facebook": "", "user": 27, "github": "", "firstName": "Wesley", "lastName": "Joseph", "time": "2012-12-25T11:04:53", "gender": "M"}}, {"pk": 28, "model": "Card.card", "fields": {"citizenship": "South Sudan", "twitter": "", "linkedin": "", "tumblr": "", "skype": "", "city2": "Peking, Beijing, China", "city3": "Peking, Beijing, China", "email4": "facilisis@magnaCras.ca", "email5": "facilisis@magnaCras.ca", "email2": "facilisis@magnaCras.ca", "email3": "facilisis@magnaCras.ca", "city4": "Peking, Beijing, China", "email1": "facilisis@magnaCras.ca", "instagram": "", "soundURL": "https://s3.amazonaws.com/knot/Tyrone+Tillman.wav", "city1": "Peking, Beijing, China", "title": "Malesuada Vel Consulting", "imageURL": "https://s3.amazonaws.com/knot/default.jpg", "googlePlus": "", "blog": "", "phone3": "(345) 611-4132", "city5": "Peking, Beijing, China", "vimeo": "", "phone1": "(345) 611-4132", "phone2": "(345) 611-4132", "address1": "6211 Faucibus. St.", "address2": "6211 Faucibus. St.", "address3": "6211 Faucibus. St.", "address4": "6211 Faucibus. St.", "address5": "6211 Faucibus. St.", "phone4": "(345) 611-4132", "phone5": "(345) 611-4132", "birthday": "1997-01-24", "facebook": "", "user": 28, "github": "", "firstName": "Phillip", "lastName": "Duncan", "time": "2012-11-07T11:04:53", "gender": "F"}}, {"pk": 29, "model": "Card.card", "fields": {"citizenship": "Niger", "twitter": "", "linkedin": "", "tumblr": "", "skype": "", "city2": "Peking, Beijing, China", "city3": "Peking, Beijing, China", "email4": "nulla.vulputate@sollicitudincommodo.co.uk", "email5": "nulla.vulputate@sollicitudincommodo.co.uk", "email2": "nulla.vulputate@sollicitudincommodo.co.uk", "email3": "nulla.vulputate@sollicitudincommodo.co.uk", "city4": "Peking, Beijing, China", "email1": "nulla.vulputate@sollicitudincommodo.co.uk", "instagram": "", "soundURL": "https://s3.amazonaws.com/knot/Tyrone+Tillman.wav", "city1": "Peking, Beijing, China", "title": "Eu Neque Corporation", "imageURL": "https://s3.amazonaws.com/knot/default.jpg", "googlePlus": "", "blog": "", "phone3": "(711) 749-9537", "city5": "Peking, Beijing, China", "vimeo": "", "phone1": "(711) 749-9537", "phone2": "(711) 749-9537", "address1": "P.O. Box 199, 1206 Bibendum Street", "address2": "P.O. Box 199, 1206 Bibendum Street", "address3": "P.O. Box 199, 1206 Bibendum Street", "address4": "P.O. Box 199, 1206 Bibendum Street", "address5": "P.O. Box 199, 1206 Bibendum Street", "phone4": "(711) 749-9537", "phone5": "(711) 749-9537", "birthday": "1998-02-27", "facebook": "", "user": 29, "github": "", "firstName": "Wade", "lastName": "Mercado", "time": "2013-02-15T11:04:53", "gender": "M"}}, {"pk": 30, "model": "Card.card", "fields": {"citizenship": "Chad", "twitter": "", "linkedin": "", "tumblr": "", "skype": "", "city2": "Washington, D.C., DC, United States", "city3": "Washington, D.C., DC, United States", "email4": "natoque@sitametmassa.net", "email5": "natoque@sitametmassa.net", "email2": "natoque@sitametmassa.net", "email3": "natoque@sitametmassa.net", "city4": "Washington, D.C., DC, United States", "email1": "natoque@sitametmassa.net", "instagram": "", "soundURL": "https://s3.amazonaws.com/knot/Tyrone+Tillman.wav", "city1": "Washington, D.C., DC, United States", "title": "Mus Proin Vel Inc.", "imageURL": "https://s3.amazonaws.com/knot/default.jpg", "googlePlus": "", "blog": "", "phone3": "(828) 355-8087", "city5": "Washington, D.C., DC, United States", "vimeo": "", "phone1": "(828) 355-8087", "phone2": "(828) 355-8087", "address1": "Ap #317-7562 Egestas Avenue", "address2": "Ap #317-7562 Egestas Avenue", "address3": "Ap #317-7562 Egestas Avenue", "address4": "Ap #317-7562 Egestas Avenue", "address5": "Ap #317-7562 Egestas Avenue", "phone4": "(828) 355-8087", "phone5": "(828) 355-8087", "birthday": "1970-05-06", "facebook": "", "user": 30, "github": "", "firstName": "Ferris", "lastName": "Fulton", "time": "2012-09-12T11:04:53", "gender": "F"}}, {"pk": 31, "model": "Card.card", "fields": {"citizenship": "Turks and Caicos Islands", "twitter": "", "linkedin": "", "tumblr": "", "skype": "", "city2": "Peking, Beijing, China", "city3": "Peking, Beijing, China", "email4": "pharetra@maurisSuspendissealiquet.net", "email5": "pharetra@maurisSuspendissealiquet.net", "email2": "pharetra@maurisSuspendissealiquet.net", "email3": "pharetra@maurisSuspendissealiquet.net", "city4": "Peking, Beijing, China", "email1": "pharetra@maurisSuspendissealiquet.net", "instagram": "", "soundURL": "https://s3.amazonaws.com/knot/Tyrone+Tillman.wav", "city1": "Peking, Beijing, China", "title": "Auctor Consulting", "imageURL": "https://s3.amazonaws.com/knot/default.jpg", "googlePlus": "", "blog": "", "phone3": "(565) 693-9856", "city5": "Peking, Beijing, China", "vimeo": "", "phone1": "(565) 693-9856", "phone2": "(565) 693-9856", "address1": "446-2946 Suspendisse Avenue", "address2": "446-2946 Suspendisse Avenue", "address3": "446-2946 Suspendisse Avenue", "address4": "446-2946 Suspendisse Avenue", "address5": "446-2946 Suspendisse Avenue", "phone4": "(565) 693-9856", "phone5": "(565) 693-9856", "birthday": "1999-09-03", "facebook": "", "user": 31, "github": "", "firstName": "Burton", "lastName": "Hancock", "time": "2013-08-29T11:04:53", "gender": "F"}}, {"pk": 32, "model": "Card.card", "fields": {"citizenship": "Estonia", "twitter": "", "linkedin": "", "tumblr": "", "skype": "", "city2": "Peking, Beijing, China", "city3": "Peking, Beijing, China", "email4": "purus.mauris@semPellentesque.com", "email5": "purus.mauris@semPellentesque.com", "email2": "purus.mauris@semPellentesque.com", "email3": "purus.mauris@semPellentesque.com", "city4": "Peking, Beijing, China", "email1": "purus.mauris@semPellentesque.com", "instagram": "", "soundURL": "https://s3.amazonaws.com/knot/Tyrone+Tillman.wav", "city1": "Peking, Beijing, China", "title": "Cum Inc.", "imageURL": "https://s3.amazonaws.com/knot/default.jpg", "googlePlus": "", "blog": "", "phone3": "(912) 441-7434", "city5": "Peking, Beijing, China", "vimeo": "", "phone1": "(912) 441-7434", "phone2": "(912) 441-7434", "address1": "Ap #693-1964 Leo, Rd.", "address2": "Ap #693-1964 Leo, Rd.", "address3": "Ap #693-1964 Leo, Rd.", "address4": "Ap #693-1964 Leo, Rd.", "address5": "Ap #693-1964 Leo, Rd.", "phone4": "(912) 441-7434", "phone5": "(912) 441-7434", "birthday": "1978-11-06", "facebook": "", "user": 32, "github": "", "firstName": "Louis", "lastName": "Black", "time": "2013-01-19T11:04:53", "gender": "M"}}, {"pk": 199, "model": "Friend.friendrelation", "fields": {"time": "2012-11-07T11:04:52", "user": 24, "friend": 22, "permission": "+++-+--+----+----+----+-------------++"}}, {"pk": 200, "model": "Friend.friendrelation", "fields": {"time": "2012-11-07T11:04:52", "user": 22, "friend": 24, "permission": "+++-+--+----+----+----+-------------++"}}, {"pk": 201, "model": "Friend.friendrelation", "fields": {"time": "2013-02-16T11:04:52", "user": 32, "friend": 24, "permission": "+++-+--+--------------+-------------++"}}, {"pk": 202, "model": "Friend.friendrelation", "fields": {"time": "2013-02-16T11:04:52", "user": 24, "friend": 32, "permission": "+++-+--+--------------+-------------++"}}, {"pk": 203, "model": "Friend.friendrelation", "fields": {"time": "2013-06-05T11:04:52", "user": 26, "friend": 19, "permission": "+++-+--+----+----+----+----++-------++"}}, {"pk": 204, "model": "Friend.friendrelation", "fields": {"time": "2013-06-05T11:04:52", "user": 19, "friend": 26, "permission": "+++-+--+----+----+----+----++-------++"}}, {"pk": 205, "model": "Friend.friendrelation", "fields": {"time": "2013-11-30T11:04:52", "user": 24, "friend": 23, "permission": "+++-+--+--------------+-------------++"}}, {"pk": 206, "model": "Friend.friendrelation", "fields": {"time": "2013-11-30T11:04:52", "user": 23, "friend": 24, "permission": "+++-+--+--------------+-------------++"}}, {"pk": 207, "model": "Friend.friendrelation", "fields": {"time": "2013-10-25T11:04:52", "user": 26, "friend": 22, "permission": "++-++--+--+--+-++---++-++--+--+-++-+-+"}}, {"pk": 208, "model": "Friend.friendrelation", "fields": {"time": "2013-10-25T11:04:52", "user": 22, "friend": 26, "permission": "++-++--+--+--+-++---++-++--+--+-++-+-+"}}, {"pk": 209, "model": "Friend.friendrelation", "fields": {"time": "2013-06-28T11:04:52", "user": 24, "friend": 20, "permission": "+++-+--+----+----+----+----++-------++"}}, {"pk": 210, "model": "Friend.friendrelation", "fields": {"time": "2013-06-28T11:04:52", "user": 20, "friend": 24, "permission": "+++-+--+----+----+----+----++-------++"}}, {"pk": 211, "model": "Friend.friendrelation", "fields": {"time": "2013-08-22T11:04:52", "user": 21, "friend": 18, "permission": "+++-+--+--------------+-------------++"}}, {"pk": 212, "model": "Friend.friendrelation", "fields": {"time": "2013-08-22T11:04:52", "user": 18, "friend": 21, "permission": "+++-+--+--------------+-------------++"}}, {"pk": 213, "model": "Friend.friendrelation", "fields": {"time": "2013-07-23T11:04:52", "user": 32, "friend": 27, "permission": "++--++-+--++--++-++++-+--+---+---++-+-"}}, {"pk": 214, "model": "Friend.friendrelation", "fields": {"time": "2013-07-23T11:04:52", "user": 27, "friend": 32, "permission": "++--++-+--++--++-++++-+--+---+---++-+-"}}, {"pk": 215, "model": "Friend.friendrelation", "fields": {"time": "2013-05-16T11:04:52", "user": 19, "friend": 20, "permission": "+++-+--+----+----+----+-------------++"}}, {"pk": 216, "model": "Friend.friendrelation", "fields": {"time": "2013-05-16T11:04:52", "user": 20, "friend": 19, "permission": "+++-+--+----+----+----+-------------++"}}, {"pk": 217, "model": "Friend.friendrelation", "fields": {"time": "2013-06-26T11:04:52", "user": 26, "friend": 25, "permission": "+++-+--+----+----+----+-------------++"}}, {"pk": 218, "model": "Friend.friendrelation", "fields": {"time": "2013-06-26T11:04:52", "user": 25, "friend": 26, "permission": "+++-+--+----+----+----+-------------++"}}, {"pk": 219, "model": "Friend.friendrelation", "fields": {"time": "2012-11-28T11:04:52", "user": 31, "friend": 19, "permission": "+++-+--+--------------+-------------++"}}, {"pk": 220, "model": "Friend.friendrelation", "fields": {"time": "2012-11-28T11:04:52", "user": 19, "friend": 31, "permission": "+++-+--+--------------+-------------++"}}, {"pk": 221, "model": "Friend.friendrelation", "fields": {"time": "2012-10-18T11:04:52", "user": 18, "friend": 25, "permission": "+++-+--+----+----+----+----++-------++"}}, {"pk": 222, "model": "Friend.friendrelation", "fields": {"time": "2012-10-18T11:04:52", "user": 25, "friend": 18, "permission": "+++-+--+----+----+----+----++-------++"}}, {"pk": 223, "model": "Friend.friendrelation", "fields": {"time": "2012-11-25T11:04:52", "user": 24, "friend": 27, "permission": "+++-+--+----+----+----+----++-------++"}}, {"pk": 224, "model": "Friend.friendrelation", "fields": {"time": "2012-11-25T11:04:52", "user": 27, "friend": 24, "permission": "+++-+--+----+----+----+----++-------++"}}, {"pk": 225, "model": "Friend.friendrelation", "fields": {"time": "2013-01-07T11:04:52", "user": 21, "friend": 28, "permission": "+++-+--+----+----+----+----++-------++"}}, {"pk": 226, "model": "Friend.friendrelation", "fields": {"time": "2013-01-07T11:04:52", "user": 28, "friend": 21, "permission": "+++-+--+----+----+----+----++-------++"}}, {"pk": 227, "model": "Friend.friendrelation", "fields": {"time": "2013-08-11T11:04:52", "user": 23, "friend": 30, "permission": "++--+-+++--+-++++-++-+++-+-++--+---++-"}}, {"pk": 228, "model": "Friend.friendrelation", "fields": {"time": "2013-08-11T11:04:52", "user": 30, "friend": 23, "permission": "++--+-+++--+-++++-++-+++-+-++--+---++-"}}, {"pk": 229, "model": "Friend.friendrelation", "fields": {"time": "2013-07-09T11:04:52", "user": 32, "friend": 23, "permission": "++--++-+--++--++-++++-+--+---+---++-+-"}}, {"pk": 230, "model": "Friend.friendrelation", "fields": {"time": "2013-07-09T11:04:52", "user": 23, "friend": 32, "permission": "++--++-+--++--++-++++-+--+---+---++-+-"}}, {"pk": 231, "model": "Friend.friendrelation", "fields": {"time": "2012-10-25T11:04:52", "user": 19, "friend": 21, "permission": "+++-+--+----+----+----+----++-------++"}}, {"pk": 232, "model": "Friend.friendrelation", "fields": {"time": "2012-10-25T11:04:52", "user": 21, "friend": 19, "permission": "+++-+--+----+----+----+----++-------++"}}, {"pk": 233, "model": "Friend.friendrelation", "fields": {"time": "2012-10-13T11:04:52", "user": 20, "friend": 31, "permission": "+++-+--+--------------+-------------++"}}, {"pk": 234, "model": "Friend.friendrelation", "fields": {"time": "2012-10-13T11:04:52", "user": 31, "friend": 20, "permission": "+++-+--+--------------+-------------++"}}, {"pk": 235, "model": "Friend.friendrelation", "fields": {"time": "2013-09-10T11:04:52", "user": 28, "friend": 24, "permission": "+++-+--+--------------+-------------++"}}, {"pk": 236, "model": "Friend.friendrelation", "fields": {"time": "2013-09-10T11:04:52", "user": 24, "friend": 28, "permission": "+++-+--+--------------+-------------++"}}, {"pk": 237, "model": "Friend.friendrelation", "fields": {"time": "2013-02-09T11:04:52", "user": 25, "friend": 21, "permission": "+++-+--+--------------+-------------++"}}, {"pk": 238, "model": "Friend.friendrelation", "fields": {"time": "2013-02-09T11:04:52", "user": 21, "friend": 25, "permission": "+++-+--+--------------+-------------++"}}, {"pk": 239, "model": "Friend.friendrelation", "fields": {"time": "2013-03-11T11:04:52", "user": 31, "friend": 22, "permission": "++++-+-++-++-++++++---+--++-++-++----+"}}, {"pk": 240, "model": "Friend.friendrelation", "fields": {"time": "2013-03-11T11:04:52", "user": 22, "friend": 31, "permission": "++++-+-++-++-++++++---+--++-++-++----+"}}, {"pk": 241, "model": "Friend.friendrelation", "fields": {"time": "2013-05-06T11:04:52", "user": 20, "friend": 21, "permission": "+++-+--+----+----+----+----++-------++"}}, {"pk": 242, "model": "Friend.friendrelation", "fields": {"time": "2013-05-06T11:04:52", "user": 21, "friend": 20, "permission": "+++-+--+----+----+----+----++-------++"}}, {"pk": 243, "model": "Friend.friendrelation", "fields": {"time": "2013-10-07T11:04:52", "user": 25, "friend": 24, "permission": "+++++--+++-+++---++---+-+++--+++++-+-+"}}, {"pk": 244, "model": "Friend.friendrelation", "fields": {"time": "2013-10-07T11:04:52", "user": 24, "friend": 25, "permission": "+++++--+++-+++---++---+-+++--+++++-+-+"}}, {"pk": 245, "model": "Friend.friendrelation", "fields": {"time": "2013-03-26T11:04:52", "user": 18, "friend": 29, "permission": "++++++-+-+++++++------++----+--+--++++"}}, {"pk": 246, "model": "Friend.friendrelation", "fields": {"time": "2013-03-26T11:04:52", "user": 29, "friend": 18, "permission": "++++++-+-+++++++------++----+--+--++++"}}, {"pk": 247, "model": "Friend.friendrelation", "fields": {"time": "2012-12-20T11:04:52", "user": 25, "friend": 19, "permission": "+++-+--+--------------+-------------++"}}, {"pk": 248, "model": "Friend.friendrelation", "fields": {"time": "2012-12-20T11:04:52", "user": 19, "friend": 25, "permission": "+++-+--+--------------+-------------++"}}, {"pk": 249, "model": "Friend.friendrelation", "fields": {"time": "2013-01-19T11:04:52", "user": 30, "friend": 19, "permission": "+++-+--+----+----+----+----++-------++"}}, {"pk": 250, "model": "Friend.friendrelation", "fields": {"time": "2013-01-19T11:04:52", "user": 19, "friend": 30, "permission": "+++-+--+----+----+----+----++-------++"}}, {"pk": 251, "model": "Friend.friendrelation", "fields": {"time": "2013-02-17T11:04:52", "user": 23, "friend": 31, "permission": "+++-+--+----+----+----+-------------++"}}, {"pk": 252, "model": "Friend.friendrelation", "fields": {"time": "2013-02-17T11:04:52", "user": 31, "friend": 23, "permission": "+++-+--+----+----+----+-------------++"}}, {"pk": 253, "model": "Friend.friendrelation", "fields": {"time": "2013-01-17T11:04:52", "user": 21, "friend": 29, "permission": "+++-+--+--------------+-------------++"}}, {"pk": 254, "model": "Friend.friendrelation", "fields": {"time": "2013-01-17T11:04:52", "user": 29, "friend": 21, "permission": "+++-+--+--------------+-------------++"}}, {"pk": 255, "model": "Friend.friendrelation", "fields": {"time": "2013-02-24T11:04:52", "user": 28, "friend": 19, "permission": "+++-+--+----+----+----+-------------++"}}, {"pk": 256, "model": "Friend.friendrelation", "fields": {"time": "2013-02-24T11:04:52", "user": 19, "friend": 28, "permission": "+++-+--+----+----+----+-------------++"}}, {"pk": 257, "model": "Friend.friendrelation", "fields": {"time": "2013-10-13T11:04:52", "user": 32, "friend": 18, "permission": "+++-+--+----+----+----+----++-------++"}}, {"pk": 258, "model": "Friend.friendrelation", "fields": {"time": "2013-10-13T11:04:52", "user": 18, "friend": 32, "permission": "+++-+--+----+----+----+----++-------++"}}, {"pk": 259, "model": "Friend.friendrelation", "fields": {"time": "2013-01-17T11:04:52", "user": 20, "friend": 32, "permission": "+++-+--+----+----+----+-------------++"}}, {"pk": 260, "model": "Friend.friendrelation", "fields": {"time": "2013-01-17T11:04:52", "user": 32, "friend": 20, "permission": "+++-+--+----+----+----+-------------++"}}, {"pk": 261, "model": "Friend.friendrelation", "fields": {"time": "2012-11-23T11:04:52", "user": 31, "friend": 29, "permission": "+++-+--+--------------+-------------++"}}, {"pk": 262, "model": "Friend.friendrelation", "fields": {"time": "2012-11-23T11:04:52", "user": 29, "friend": 31, "permission": "+++-+--+--------------+-------------++"}}, {"pk": 263, "model": "Friend.friendrelation", "fields": {"time": "2012-08-17T11:04:52", "user": 26, "friend": 28, "permission": "+++-+--+----+----+----+----++-------++"}}, {"pk": 264, "model": "Friend.friendrelation", "fields": {"time": "2012-08-17T11:04:52", "user": 28, "friend": 26, "permission": "+++-+--+----+----+----+----++-------++"}}, {"pk": 265, "model": "Friend.friendrelation", "fields": {"time": "2013-10-02T11:04:52", "user": 30, "friend": 27, "permission": "+++-+--+--------------+-------------++"}}, {"pk": 266, "model": "Friend.friendrelation", "fields": {"time": "2013-10-02T11:04:52", "user": 27, "friend": 30, "permission": "+++-+--+--------------+-------------++"}}, {"pk": 267, "model": "Friend.friendrelation", "fields": {"time": "2013-10-09T11:04:52", "user": 31, "friend": 27, "permission": "+++-+--+----+----+----+-------------++"}}, {"pk": 268, "model": "Friend.friendrelation", "fields": {"time": "2013-10-09T11:04:52", "user": 27, "friend": 31, "permission": "+++-+--+----+----+----+-------------++"}}, {"pk": 269, "model": "Friend.friendrelation", "fields": {"time": "2013-06-23T11:04:52", "user": 21, "friend": 30, "permission": "+++-+--+----+----+----+-------------++"}}, {"pk": 270, "model": "Friend.friendrelation", "fields": {"time": "2013-06-23T11:04:52", "user": 30, "friend": 21, "permission": "+++-+--+----+----+----+-------------++"}}, {"pk": 271, "model": "Friend.friendrelation", "fields": {"time": "2012-10-31T11:04:52", "user": 26, "friend": 21, "permission": "++-++--+--+--+-++---++-++--+--+-++-+-+"}}, {"pk": 272, "model": "Friend.friendrelation", "fields": {"time": "2012-10-31T11:04:52", "user": 21, "friend": 26, "permission": "++-++--+--+--+-++---++-++--+--+-++-+-+"}}, {"pk": 273, "model": "Friend.friendrelation", "fields": {"time": "2013-10-08T11:04:52", "user": 18, "friend": 30, "permission": "+++-+--+----+----+----+----++-------++"}}, {"pk": 274, "model": "Friend.friendrelation", "fields": {"time": "2013-10-08T11:04:52", "user": 30, "friend": 18, "permission": "+++-+--+----+----+----+----++-------++"}}, {"pk": 275, "model": "Friend.friendrelation", "fields": {"time": "2013-03-06T11:04:52", "user": 29, "friend": 27, "permission": "+++-+--+----+----+----+-------------++"}}, {"pk": 276, "model": "Friend.friendrelation", "fields": {"time": "2013-03-06T11:04:52", "user": 27, "friend": 29, "permission": "+++-+--+----+----+----+-------------++"}}, {"pk": 277, "model": "Friend.friendrelation", "fields": {"time": "2013-11-16T11:04:52", "user": 29, "friend": 24, "permission": "+++-+--+--------------+-------------++"}}, {"pk": 278, "model": "Friend.friendrelation", "fields": {"time": "2013-11-16T11:04:52", "user": 24, "friend": 29, "permission": "+++-+--+--------------+-------------++"}}, {"pk": 279, "model": "Friend.friendrelation", "fields": {"time": "2012-12-07T11:04:52", "user": 18, "friend": 19, "permission": "+++-+--+----+----+----+----++-------++"}}, {"pk": 280, "model": "Friend.friendrelation", "fields": {"time": "2012-12-07T11:04:52", "user": 19, "friend": 18, "permission": "+++-+--+----+----+----+----++-------++"}}, {"pk": 281, "model": "Friend.friendrelation", "fields": {"time": "2012-08-11T11:04:52", "user": 20, "friend": 26, "permission": "+++-+--+----+----+----+----++-------++"}}, {"pk": 282, "model": "Friend.friendrelation", "fields": {"time": "2012-08-11T11:04:52", "user": 26, "friend": 20, "permission": "+++-+--+----+----+----+----++-------++"}}, {"pk": 283, "model": "Friend.friendrelation", "fields": {"time": "2012-08-29T11:04:52", "user": 27, "friend": 19, "permission": "+++-+--+----+----+----+----++-------++"}}, {"pk": 284, "model": "Friend.friendrelation", "fields": {"time": "2012-08-29T11:04:52", "user": 19, "friend": 27, "permission": "+++-+--+----+----+----+----++-------++"}}, {"pk": 285, "model": "Friend.friendrelation", "fields": {"time": "2012-11-27T11:04:52", "user": 24, "friend": 19, "permission": "+++-+--+----+----+----+-------------++"}}, {"pk": 286, "model": "Friend.friendrelation", "fields": {"time": "2012-11-27T11:04:52", "user": 19, "friend": 24, "permission": "+++-+--+----+----+----+-------------++"}}, {"pk": 287, "model": "Friend.friendrelation", "fields": {"time": "2012-08-01T11:04:52", "user": 25, "friend": 23, "permission": "+++++--+++-+++---++---+-+++--+++++-+-+"}}, {"pk": 288, "model": "Friend.friendrelation", "fields": {"time": "2012-08-01T11:04:52", "user": 23, "friend": 25, "permission": "+++++--+++-+++---++---+-+++--+++++-+-+"}}, {"pk": 289, "model": "Friend.friendrelation", "fields": {"time": "2012-08-21T11:04:52", "user": 25, "friend": 22, "permission": "+++-+--+----+----+----+----++-------++"}}, {"pk": 290, "model": "Friend.friendrelation", "fields": {"time": "2012-08-21T11:04:52", "user": 22, "friend": 25, "permission": "+++-+--+----+----+----+----++-------++"}}, {"pk": 291, "model": "Friend.friendrelation", "fields": {"time": "2012-09-27T11:04:52", "user": 27, "friend": 23, "permission": "+++-+--+--------------+-------------++"}}, {"pk": 292, "model": "Friend.friendrelation", "fields": {"time": "2012-09-27T11:04:52", "user": 23, "friend": 27, "permission": "+++-+--+--------------+-------------++"}}, {"pk": 293, "model": "Friend.friendrelation", "fields": {"time": "2013-09-25T11:04:52", "user": 27, "friend": 25, "permission": "+++-+--+----+----+----+-------------++"}}, {"pk": 294, "model": "Friend.friendrelation", "fields": {"time": "2013-09-25T11:04:52", "user": 25, "friend": 27, "permission": "+++-+--+----+----+----+-------------++"}}, {"pk": 295, "model": "Friend.friendrelation", "fields": {"time": "2013-10-29T11:04:52", "user": 22, "friend": 30, "permission": "++---+++-++-+-+--++-+++++++-----+-++-+"}}, {"pk": 296, "model": "Friend.friendrelation", "fields": {"time": "2013-10-29T11:04:52", "user": 30, "friend": 22, "permission": "++---+++-++-+-+--++-+++++++-----+-++-+"}}, {"pk": 297, "model": "Friend.friendrelation", "fields": {"time": "2012-12-09T11:04:52", "user": 20, "friend": 29, "permission": "+++-+--+----+----+----+-------------++"}}, {"pk": 298, "model": "Friend.friendrelation", "fields": {"time": "2012-12-09T11:04:52", "user": 29, "friend": 20, "permission": "+++-+--+----+----+----+-------------++"}}, {"pk": 299, "model": "Friend.friendrelation", "fields": {"time": "2013-06-09T11:04:52", "user": 28, "friend": 18, "permission": "+++-+--+----+----+----+-------------++"}}, {"pk": 300, "model": "Friend.friendrelation", "fields": {"time": "2013-06-09T11:04:52", "user": 18, "friend": 28, "permission": "+++-+--+----+----+----+-------------++"}}, {"pk": 301, "model": "Friend.friendrelation", "fields": {"time": "2013-10-05T11:04:52", "user": 23, "friend": 26, "permission": "+++-+--+----+----+----+----++-------++"}}, {"pk": 302, "model": "Friend.friendrelation", "fields": {"time": "2013-10-05T11:04:52", "user": 26, "friend": 23, "permission": "+++-+--+----+----+----+----++-------++"}}, {"pk": 303, "model": "Friend.friendrelation", "fields": {"time": "2012-09-05T11:04:52", "user": 24, "friend": 26, "permission": "+++-+--+----+----+----+----++-------++"}}, {"pk": 304, "model": "Friend.friendrelation", "fields": {"time": "2012-09-05T11:04:52", "user": 26, "friend": 24, "permission": "+++-+--+----+----+----+----++-------++"}}, {"pk": 305, "model": "Friend.friendrelation", "fields": {"time": "2012-12-15T11:04:52", "user": 26, "friend": 27, "permission": "++-++--+--+--+-++---++-++--+--+-++-+-+"}}, {"pk": 306, "model": "Friend.friendrelation", "fields": {"time": "2012-12-15T11:04:52", "user": 27, "friend": 26, "permission": "++-++--+--+--+-++---++-++--+--+-++-+-+"}}, {"pk": 307, "model": "Friend.friendrelation", "fields": {"time": "2013-04-22T11:04:52", "user": 25, "friend": 29, "permission": "+++++--+++-+++---++---+-+++--+++++-+-+"}}, {"pk": 308, "model": "Friend.friendrelation", "fields": {"time": "2013-04-22T11:04:52", "user": 29, "friend": 25, "permission": "+++++--+++-+++---++---+-+++--+++++-+-+"}}, {"pk": 309, "model": "Friend.friendrelation", "fields": {"time": "2013-08-28T11:04:52", "user": 19, "friend": 29, "permission": "+++-+--+----+----+----+-------------++"}}, {"pk": 310, "model": "Friend.friendrelation", "fields": {"time": "2013-08-28T11:04:52", "user": 29, "friend": 19, "permission": "+++-+--+----+----+----+-------------++"}}, {"pk": 311, "model": "Friend.friendrelation", "fields": {"time": "2012-09-17T11:04:52", "user": 31, "friend": 28, "permission": "+++-+--+----+----+----+-------------++"}}, {"pk": 312, "model": "Friend.friendrelation", "fields": {"time": "2012-09-17T11:04:52", "user": 28, "friend": 31, "permission": "+++-+--+----+----+----+-------------++"}}, {"pk": 313, "model": "Friend.friendrelation", "fields": {"time": "2013-10-19T11:04:52", "user": 22, "friend": 21, "permission": "+++-+--+--------------+-------------++"}}, {"pk": 314, "model": "Friend.friendrelation", "fields": {"time": "2013-10-19T11:04:52", "user": 21, "friend": 22, "permission": "+++-+--+--------------+-------------++"}}, {"pk": 315, "model": "Friend.friendrelation", "fields": {"time": "2012-08-29T11:04:52", "user": 25, "friend": 30, "permission": "+++-+--+----+----+----+----++-------++"}}, {"pk": 316, "model": "Friend.friendrelation", "fields": {"time": "2012-08-29T11:04:52", "user": 30, "friend": 25, "permission": "+++-+--+----+----+----+----++-------++"}}, {"pk": 317, "model": "Friend.friendrelation", "fields": {"time": "2013-03-26T11:04:52", "user": 29, "friend": 26, "permission": "+++++-+++--+--+-++-++-+----+----++-++-"}}, {"pk": 318, "model": "Friend.friendrelation", "fields": {"time": "2013-03-26T11:04:52", "user": 26, "friend": 29, "permission": "+++++-+++--+--+-++-++-+----+----++-++-"}}, {"pk": 319, "model": "Friend.friendrelation", "fields": {"time": "2012-10-19T11:04:52", "user": 23, "friend": 19, "permission": "++--+-+++--+-++++-++-+++-+-++--+---++-"}}, {"pk": 320, "model": "Friend.friendrelation", "fields": {"time": "2012-10-19T11:04:52", "user": 19, "friend": 23, "permission": "++--+-+++--+-++++-++-+++-+-++--+---++-"}}, {"pk": 321, "model": "Friend.friendrelation", "fields": {"time": "2012-09-02T11:04:52", "user": 20, "friend": 18, "permission": "+++-+--+----+----+----+----++-------++"}}, {"pk": 322, "model": "Friend.friendrelation", "fields": {"time": "2012-09-02T11:04:52", "user": 18, "friend": 20, "permission": "+++-+--+----+----+----+----++-------++"}}, {"pk": 323, "model": "Friend.friendrelation", "fields": {"time": "2012-12-12T11:04:52", "user": 23, "friend": 22, "permission": "+++-+--+----+----+----+-------------++"}}, {"pk": 324, "model": "Friend.friendrelation", "fields": {"time": "2012-12-12T11:04:52", "user": 22, "friend": 23, "permission": "+++-+--+----+----+----+-------------++"}}, {"pk": 325, "model": "Friend.friendrelation", "fields": {"time": "2012-10-03T11:04:52", "user": 22, "friend": 28, "permission": "+++-+--+----+----+----+-------------++"}}, {"pk": 326, "model": "Friend.friendrelation", "fields": {"time": "2012-10-03T11:04:52", "user": 28, "friend": 22, "permission": "+++-+--+----+----+----+-------------++"}}, {"pk": 327, "model": "Friend.friendrelation", "fields": {"time": "2012-09-19T11:04:52", "user": 18, "friend": 27, "permission": "+++-+--+--------------+-------------++"}}, {"pk": 328, "model": "Friend.friendrelation", "fields": {"time": "2012-09-19T11:04:52", "user": 27, "friend": 18, "permission": "+++-+--+--------------+-------------++"}}, {"pk": 329, "model": "Friend.friendrelation", "fields": {"time": "2013-01-28T11:04:52", "user": 20, "friend": 30, "permission": "+++-+--+--------------+-------------++"}}, {"pk": 330, "model": "Friend.friendrelation", "fields": {"time": "2013-01-28T11:04:52", "user": 30, "friend": 20, "permission": "+++-+--+--------------+-------------++"}}, {"pk": 331, "model": "Friend.friendrelation", "fields": {"time": "2012-10-03T11:04:52", "user": 20, "friend": 23, "permission": "+++-+--+----+----+----+-------------++"}}, {"pk": 332, "model": "Friend.friendrelation", "fields": {"time": "2012-10-03T11:04:52", "user": 23, "friend": 20, "permission": "+++-+--+----+----+----+-------------++"}}, {"pk": 333, "model": "Friend.friendrelation", "fields": {"time": "2012-08-13T11:04:52", "user": 18, "friend": 26, "permission": "+++-+--+----+----+----+-------------++"}}, {"pk": 334, "model": "Friend.friendrelation", "fields": {"time": "2012-08-13T11:04:52", "user": 26, "friend": 18, "permission": "+++-+--+----+----+----+-------------++"}}, {"pk": 335, "model": "Friend.friendrelation", "fields": {"time": "2012-07-31T11:04:52", "user": 30, "friend": 31, "permission": "++-+--+---+---+++++-+++-----+--+-++-++"}}, {"pk": 336, "model": "Friend.friendrelation", "fields": {"time": "2012-07-31T11:04:52", "user": 31, "friend": 30, "permission": "++-+--+---+---+++++-+++-----+--+-++-++"}}, {"pk": 337, "model": "Friend.friendrelation", "fields": {"time": "2013-03-05T11:04:53", "user": 30, "friend": 24, "permission": "+++-+--+--------------+-------------++"}}, {"pk": 338, "model": "Friend.friendrelation", "fields": {"time": "2013-03-05T11:04:53", "user": 24, "friend": 30, "permission": "+++-+--+--------------+-------------++"}}, {"pk": 339, "model": "Friend.friendrelation", "fields": {"time": "2013-01-08T11:04:53", "user": 20, "friend": 22, "permission": "+++-+--+----+----+----+-------------++"}}, {"pk": 340, "model": "Friend.friendrelation", "fields": {"time": "2013-01-08T11:04:53", "user": 22, "friend": 20, "permission": "+++-+--+----+----+----+-------------++"}}, {"pk": 341, "model": "Friend.friendrelation", "fields": {"time": "2013-06-10T11:04:53", "user": 30, "friend": 26, "permission": "+++-+--+----+----+----+----++-------++"}}, {"pk": 342, "model": "Friend.friendrelation", "fields": {"time": "2013-06-10T11:04:53", "user": 26, "friend": 30, "permission": "+++-+--+----+----+----+----++-------++"}}, {"pk": 343, "model": "Friend.friendrelation", "fields": {"time": "2012-08-10T11:04:53", "user": 25, "friend": 28, "permission": "+++++--+++-+++---++---+-+++--+++++-+-+"}}, {"pk": 344, "model": "Friend.friendrelation", "fields": {"time": "2012-08-10T11:04:53", "user": 28, "friend": 25, "permission": "+++++--+++-+++---++---+-+++--+++++-+-+"}}, {"pk": 345, "model": "Friend.friendrelation", "fields": {"time": "2013-07-09T11:04:53", "user": 29, "friend": 30, "permission": "+++-+--+--------------+-------------++"}}, {"pk": 346, "model": "Friend.friendrelation", "fields": {"time": "2013-07-09T11:04:53", "user": 30, "friend": 29, "permission": "+++-+--+--------------+-------------++"}}, {"pk": 347, "model": "Friend.friendrelation", "fields": {"time": "2012-10-26T11:04:53", "user": 29, "friend": 28, "permission": "+++-+--+----+----+----+-------------++"}}, {"pk": 348, "model": "Friend.friendrelation", "fields": {"time": "2012-10-26T11:04:53", "user": 28, "friend": 29, "permission": "+++-+--+----+----+----+-------------++"}}, {"pk": 349, "model": "Friend.friendrelation", "fields": {"time": "2013-02-07T11:04:53", "user": 29, "friend": 23, "permission": "+++++-+++--+--+-++-++-+----+----++-++-"}}, {"pk": 350, "model": "Friend.friendrelation", "fields": {"time": "2013-02-07T11:04:53", "user": 23, "friend": 29, "permission": "+++++-+++--+--+-++-++-+----+----++-++-"}}, {"pk": 351, "model": "Friend.friendrelation", "fields": {"time": "2013-02-13T11:04:53", "user": 23, "friend": 18, "permission": "+++-+--+----+----+----+-------------++"}}, {"pk": 352, "model": "Friend.friendrelation", "fields": {"time": "2013-02-13T11:04:53", "user": 18, "friend": 23, "permission": "+++-+--+----+----+----+-------------++"}}, {"pk": 353, "model": "Friend.friendrelation", "fields": {"time": "2013-03-15T11:04:53", "user": 24, "friend": 21, "permission": "+++-+--+--------------+-------------++"}}, {"pk": 354, "model": "Friend.friendrelation", "fields": {"time": "2013-03-15T11:04:53", "user": 21, "friend": 24, "permission": "+++-+--+--------------+-------------++"}}, {"pk": 355, "model": "Friend.friendrelation", "fields": {"time": "2013-11-24T11:04:53", "user": 30, "friend": 32, "permission": "++-+--+---+---+++++-+++-----+--+-++-++"}}, {"pk": 356, "model": "Friend.friendrelation", "fields": {"time": "2013-11-24T11:04:53", "user": 32, "friend": 30, "permission": "++-+--+---+---+++++-+++-----+--+-++-++"}}, {"pk": 357, "model": "Friend.friendrelation", "fields": {"time": "2013-10-12T11:04:53", "user": 20, "friend": 27, "permission": "+++-+--+--------------+-------------++"}}, {"pk": 358, "model": "Friend.friendrelation", "fields": {"time": "2013-10-12T11:04:53", "user": 27, "friend": 20, "permission": "+++-+--+--------------+-------------++"}}, {"pk": 359, "model": "Friend.friendrelation", "fields": {"time": "2013-01-24T11:04:53", "user": 27, "friend": 22, "permission": "++--+-++++++--+--++++-+-++--+---------"}}, {"pk": 360, "model": "Friend.friendrelation", "fields": {"time": "2013-01-24T11:04:53", "user": 22, "friend": 27, "permission": "++--+-++++++--+--++++-+-++--+---------"}}, {"pk": 361, "model": "Friend.friendrelation", "fields": {"time": "2012-11-07T11:04:53", "user": 24, "friend": 31, "permission": "+++-+--+----+----+----+-------------++"}}, {"pk": 362, "model": "Friend.friendrelation", "fields": {"time": "2012-11-07T11:04:53", "user": 31, "friend": 24, "permission": "+++-+--+----+----+----+-------------++"}}, {"pk": 363, "model": "Friend.friendrelation", "fields": {"time": "2013-05-07T11:04:53", "user": 26, "friend": 31, "permission": "+++-+--+----+----+----+-------------++"}}, {"pk": 364, "model": "Friend.friendrelation", "fields": {"time": "2013-05-07T11:04:53", "user": 31, "friend": 26, "permission": "+++-+--+----+----+----+-------------++"}}, {"pk": 365, "model": "Friend.friendrelation", "fields": {"time": "2012-11-25T11:04:53", "user": 23, "friend": 28, "permission": "+++-+--+--------------+-------------++"}}, {"pk": 366, "model": "Friend.friendrelation", "fields": {"time": "2012-11-25T11:04:53", "user": 28, "friend": 23, "permission": "+++-+--+--------------+-------------++"}}, {"pk": 367, "model": "Friend.friendrelation", "fields": {"time": "2013-08-23T11:04:53", "user": 24, "friend": 18, "permission": "++---+-++-++-++-+++-++++-++-++-++---++"}}, {"pk": 368, "model": "Friend.friendrelation", "fields": {"time": "2013-08-23T11:04:53", "user": 18, "friend": 24, "permission": "++---+-++-++-++-+++-++++-++-++-++---++"}}, {"pk": 369, "model": "Friend.friendrelation", "fields": {"time": "2012-12-12T11:04:53", "user": 18, "friend": 22, "permission": "+++-+--+----+----+----+----++-------++"}}, {"pk": 370, "model": "Friend.friendrelation", "fields": {"time": "2012-12-12T11:04:53", "user": 22, "friend": 18, "permission": "+++-+--+----+----+----+----++-------++"}}, {"pk": 371, "model": "Friend.friendrelation", "fields": {"time": "2013-01-18T11:04:53", "user": 18, "friend": 31, "permission": "+++-+--+--------------+-------------++"}}, {"pk": 372, "model": "Friend.friendrelation", "fields": {"time": "2013-01-18T11:04:53", "user": 31, "friend": 18, "permission": "+++-+--+--------------+-------------++"}}, {"pk": 373, "model": "Friend.friendrelation", "fields": {"time": "2013-09-07T11:04:53", "user": 23, "friend": 21, "permission": "++--+-+++--+-++++-++-+++-+-++--+---++-"}}, {"pk": 374, "model": "Friend.friendrelation", "fields": {"time": "2013-09-07T11:04:53", "user": 21, "friend": 23, "permission": "++--+-+++--+-++++-++-+++-+-++--+---++-"}}, {"pk": 375, "model": "Friend.friendrelation", "fields": {"time": "2012-10-10T11:04:53", "user": 22, "friend": 19, "permission": "+++-+--+----+----+----+-------------++"}}, {"pk": 376, "model": "Friend.friendrelation", "fields": {"time": "2012-10-10T11:04:53", "user": 19, "friend": 22, "permission": "+++-+--+----+----+----+-------------++"}}, {"pk": 377, "model": "Friend.friendrelation", "fields": {"time": "2012-09-08T11:04:53", "user": 28, "friend": 30, "permission": "+++-+--+--------------+-------------++"}}, {"pk": 378, "model": "Friend.friendrelation", "fields": {"time": "2012-09-08T11:04:53", "user": 30, "friend": 28, "permission": "+++-+--+--------------+-------------++"}}, {"pk": 379, "model": "Friend.friendrelation", "fields": {"time": "2012-08-29T11:04:53", "user": 26, "friend": 32, "permission": "+++-+--+----+----+----+----++-------++"}}, {"pk": 380, "model": "Friend.friendrelation", "fields": {"time": "2012-08-29T11:04:53", "user": 32, "friend": 26, "permission": "+++-+--+----+----+----+----++-------++"}}, {"pk": 381, "model": "Friend.friendrelation", "fields": {"time": "2013-10-01T11:04:53", "user": 19, "friend": 32, "permission": "+++-+--+----+----+----+----++-------++"}}, {"pk": 382, "model": "Friend.friendrelation", "fields": {"time": "2013-10-01T11:04:53", "user": 32, "friend": 19, "permission": "+++-+--+----+----+----+----++-------++"}}, {"pk": 383, "model": "Friend.friendrelation", "fields": {"time": "2012-09-09T11:04:53", "user": 21, "friend": 27, "permission": "+++-+--+----+----+----+----++-------++"}}, {"pk": 384, "model": "Friend.friendrelation", "fields": {"time": "2012-09-09T11:04:53", "user": 27, "friend": 21, "permission": "+++-+--+----+----+----+----++-------++"}}, {"pk": 385, "model": "Friend.friendrelation", "fields": {"time": "2013-10-02T11:04:53", "user": 28, "friend": 32, "permission": "+++-+--+----+----+----+----++-------++"}}, {"pk": 386, "model": "Friend.friendrelation", "fields": {"time": "2013-10-02T11:04:53", "user": 32, "friend": 28, "permission": "+++-+--+----+----+----+----++-------++"}}, {"pk": 387, "model": "Friend.friendrelation", "fields": {"time": "2013-10-06T11:04:53", "user": 28, "friend": 20, "permission": "+++-+--+----+----+----+-------------++"}}, {"pk": 388, "model": "Friend.friendrelation", "fields": {"time": "2013-10-06T11:04:53", "user": 20, "friend": 28, "permission": "+++-+--+----+----+----+-------------++"}}, {"pk": 389, "model": "Friend.friendrelation", "fields": {"time": "2013-03-05T11:04:53", "user": 31, "friend": 21, "permission": "++++-+-++-++-++++++---+--++-++-++----+"}}, {"pk": 390, "model": "Friend.friendrelation", "fields": {"time": "2013-03-05T11:04:53", "user": 21, "friend": 31, "permission": "++++-+-++-++-++++++---+--++-++-++----+"}}, {"pk": 391, "model": "Friend.friendrelation", "fields": {"time": "2013-03-02T11:04:53", "user": 25, "friend": 20, "permission": "+++-+--+----+----+----+----++-------++"}}, {"pk": 392, "model": "Friend.friendrelation", "fields": {"time": "2013-03-02T11:04:53", "user": 20, "friend": 25, "permission": "+++-+--+----+----+----+----++-------++"}}, {"pk": 265, "model": "Notification.notification", "fields": {"content": " update his phone", "fromUser": 32, "nType": 2, "toUser": 27, "time": "2013-06-08T11:04:53"}}, {"pk": 266, "model": "Notification.notification", "fields": {"content": " update his phone", "fromUser": 22, "nType": 2, "toUser": 30, "time": "2012-08-14T11:04:53"}}, {"pk": 267, "model": "Notification.notification", "fields": {"content": " update his email", "fromUser": 29, "nType": 1, "toUser": 25, "time": "2012-07-30T11:04:53"}}, {"pk": 268, "model": "Notification.notification", "fields": {"content": " update his phone", "fromUser": 22, "nType": 3, "toUser": 20, "time": "2013-10-25T11:04:53"}}, {"pk": 269, "model": "Notification.notification", "fields": {"content": " update his address", "fromUser": 24, "nType": 3, "toUser": 22, "time": "2013-07-29T11:04:53"}}, {"pk": 270, "model": "Notification.notification", "fields": {"content": " update his email", "fromUser": 28, "nType": 3, "toUser": 18, "time": "2012-12-02T11:04:53"}}, {"pk": 271, "model": "Notification.notification", "fields": {"content": " update his address", "fromUser": 24, "nType": 1, "toUser": 26, "time": "2012-12-30T11:04:53"}}, {"pk": 272, "model": "Notification.notification", "fields": {"content": " update his phone", "fromUser": 20, "nType": 2, "toUser": 29, "time": "2012-11-27T11:04:53"}}, {"pk": 273, "model": "Notification.notification", "fields": {"content": " update his email", "fromUser": 32, "nType": 3, "toUser": 24, "time": "2013-04-01T11:04:53"}}, {"pk": 274, "model": "Notification.notification", "fields": {"content": " update his email", "fromUser": 25, "nType": 2, "toUser": 28, "time": "2013-02-15T11:04:53"}}, {"pk": 275, "model": "Notification.notification", "fields": {"content": " update his phone", "fromUser": 30, "nType": 2, "toUser": 32, "time": "2013-02-25T11:04:53"}}, {"pk": 276, "model": "Notification.notification", "fields": {"content": " update his address", "fromUser": 21, "nType": 3, "toUser": 28, "time": "2013-06-17T11:04:53"}}, {"pk": 277, "model": "Notification.notification", "fields": {"content": " update his phone", "fromUser": 30, "nType": 2, "toUser": 24, "time": "2012-09-16T11:04:53"}}, {"pk": 278, "model": "Notification.notification", "fields": {"content": " update his address", "fromUser": 32, "nType": 3, "toUser": 22, "time": "2013-02-10T11:04:53"}}, {"pk": 279, "model": "Notification.notification", "fields": {"content": " update his email", "fromUser": 20, "nType": 1, "toUser": 29, "time": "2012-12-25T11:04:53"}}, {"pk": 280, "model": "Notification.notification", "fields": {"content": " update his address", "fromUser": 32, "nType": 3, "toUser": 24, "time": "2012-08-30T11:04:53"}}, {"pk": 281, "model": "Notification.notification", "fields": {"content": " update his address", "fromUser": 29, "nType": 2, "toUser": 23, "time": "2012-09-25T11:04:53"}}, {"pk": 282, "model": "Notification.notification", "fields": {"content": " update his email", "fromUser": 19, "nType": 2, "toUser": 20, "time": "2013-04-30T11:04:53"}}, {"pk": 283, "model": "Notification.notification", "fields": {"content": " update his email", "fromUser": 23, "nType": 3, "toUser": 18, "time": "2013-10-16T11:04:53"}}, {"pk": 284, "model": "Notification.notification", "fields": {"content": " update his email", "fromUser": 30, "nType": 1, "toUser": 32, "time": "2012-10-23T11:04:53"}}, {"pk": 285, "model": "Notification.notification", "fields": {"content": " update his phone", "fromUser": 32, "nType": 3, "toUser": 20, "time": "2012-09-07T11:04:53"}}, {"pk": 286, "model": "Notification.notification", "fields": {"content": " update his email", "fromUser": 19, "nType": 3, "toUser": 22, "time": "2013-04-08T11:04:53"}}, {"pk": 287, "model": "Notification.notification", "fields": {"content": " update his email", "fromUser": 24, "nType": 3, "toUser": 31, "time": "2013-09-14T11:04:53"}}, {"pk": 288, "model": "Notification.notification", "fields": {"content": " update his phone", "fromUser": 26, "nType": 2, "toUser": 27, "time": "2013-05-17T11:04:53"}}, {"pk": 289, "model": "Notification.notification", "fields": {"content": " update his email", "fromUser": 24, "nType": 1, "toUser": 19, "time": "2013-06-12T11:04:53"}}, {"pk": 290, "model": "Notification.notification", "fields": {"content": " update his phone", "fromUser": 26, "nType": 3, "toUser": 29, "time": "2013-07-25T11:04:53"}}, {"pk": 291, "model": "Notification.notification", "fields": {"content": " update his phone", "fromUser": 29, "nType": 3, "toUser": 27, "time": "2013-01-03T11:04:53"}}, {"pk": 292, "model": "Notification.notification", "fields": {"content": " update his address", "fromUser": 31, "nType": 3, "toUser": 25, "time": "2013-08-12T11:04:53"}}, {"pk": 293, "model": "Notification.notification", "fields": {"content": " update his phone", "fromUser": 30, "nType": 2, "toUser": 20, "time": "2013-09-30T11:04:53"}}, {"pk": 294, "model": "Notification.notification", "fields": {"content": " update his address", "fromUser": 20, "nType": 2, "toUser": 29, "time": "2012-10-15T11:04:53"}}, {"pk": 295, "model": "Notification.notification", "fields": {"content": " update his phone", "fromUser": 25, "nType": 3, "toUser": 31, "time": "2013-04-12T11:04:53"}}, {"pk": 296, "model": "Notification.notification", "fields": {"content": " update his phone", "fromUser": 23, "nType": 3, "toUser": 21, "time": "2013-04-14T11:04:53"}}, {"pk": 297, "model": "Notification.notification", "fields": {"content": " update his email", "fromUser": 21, "nType": 3, "toUser": 28, "time": "2012-07-28T11:04:53"}}, {"pk": 298, "model": "Notification.notification", "fields": {"content": " update his address", "fromUser": 22, "nType": 2, "toUser": 28, "time": "2012-12-17T11:04:53"}}, {"pk": 299, "model": "Notification.notification", "fields": {"content": " update his address", "fromUser": 31, "nType": 1, "toUser": 18, "time": "2013-04-02T11:04:53"}}, {"pk": 300, "model": "Notification.notification", "fields": {"content": " update his address", "fromUser": 32, "nType": 3, "toUser": 31, "time": "2013-02-28T11:04:53"}}, {"pk": 301, "model": "Notification.notification", "fields": {"content": " update his email", "fromUser": 32, "nType": 1, "toUser": 28, "time": "2013-09-01T11:04:53"}}, {"pk": 302, "model": "Notification.notification", "fields": {"content": " update his address", "fromUser": 28, "nType": 3, "toUser": 31, "time": "2013-10-16T11:04:53"}}, {"pk": 303, "model": "Notification.notification", "fields": {"content": " update his address", "fromUser": 22, "nType": 3, "toUser": 32, "time": "2012-11-22T11:04:53"}}, {"pk": 304, "model": "Notification.notification", "fields": {"content": " update his address", "fromUser": 26, "nType": 1, "toUser": 29, "time": "2012-10-11T11:04:53"}}, {"pk": 305, "model": "Notification.notification", "fields": {"content": " update his email", "fromUser": 18, "nType": 3, "toUser": 32, "time": "2013-07-09T11:04:53"}}, {"pk": 306, "model": "Notification.notification", "fields": {"content": " update his address", "fromUser": 25, "nType": 1, "toUser": 20, "time": "2013-12-02T11:04:53"}}, {"pk": 307, "model": "Notification.notification", "fields": {"content": " update his phone", "fromUser": 30, "nType": 3, "toUser": 20, "time": "2012-10-25T11:04:53"}}, {"pk": 308, "model": "Notification.notification", "fields": {"content": " update his address", "fromUser": 24, "nType": 1, "toUser": 23, "time": "2012-09-26T11:04:53"}}, {"pk": 309, "model": "Notification.notification", "fields": {"content": " update his email", "fromUser": 22, "nType": 2, "toUser": 31, "time": "2012-11-03T11:04:53"}}, {"pk": 310, "model": "Notification.notification", "fields": {"content": " update his address", "fromUser": 26, "nType": 3, "toUser": 21, "time": "2012-08-10T11:04:53"}}, {"pk": 311, "model": "Notification.notification", "fields": {"content": " update his phone", "fromUser": 23, "nType": 1, "toUser": 18, "time": "2013-03-07T11:04:53"}}, {"pk": 312, "model": "Notification.notification", "fields": {"content": " update his address", "fromUser": 20, "nType": 2, "toUser": 29, "time": "2013-04-30T11:04:53"}}, {"pk": 313, "model": "Notification.notification", "fields": {"content": " update his email", "fromUser": 20, "nType": 3, "toUser": 27, "time": "2012-09-18T11:04:53"}}, {"pk": 314, "model": "Notification.notification", "fields": {"content": " update his phone", "fromUser": 29, "nType": 2, "toUser": 21, "time": "2013-01-30T11:04:53"}}, {"pk": 315, "model": "Notification.notification", "fields": {"content": " update his address", "fromUser": 25, "nType": 3, "toUser": 32, "time": "2013-06-20T11:04:53"}}, {"pk": 316, "model": "Notification.notification", "fields": {"content": " update his address", "fromUser": 20, "nType": 1, "toUser": 19, "time": "2013-11-05T11:04:53"}}, {"pk": 317, "model": "Notification.notification", "fields": {"content": " update his phone", "fromUser": 22, "nType": 1, "toUser": 31, "time": "2012-08-16T11:04:53"}}, {"pk": 318, "model": "Notification.notification", "fields": {"content": " update his email", "fromUser": 29, "nType": 2, "toUser": 28, "time": "2012-10-25T11:04:53"}}, {"pk": 319, "model": "Notification.notification", "fields": {"content": " update his address", "fromUser": 26, "nType": 2, "toUser": 18, "time": "2012-10-19T11:04:53"}}, {"pk": 320, "model": "Notification.notification", "fields": {"content": " update his phone", "fromUser": 32, "nType": 1, "toUser": 30, "time": "2013-02-13T11:04:53"}}, {"pk": 321, "model": "Notification.notification", "fields": {"content": " update his email", "fromUser": 27, "nType": 1, "toUser": 26, "time": "2013-05-07T11:04:53"}}, {"pk": 322, "model": "Notification.notification", "fields": {"content": " update his email", "fromUser": 25, "nType": 2, "toUser": 20, "time": "2013-01-23T11:04:53"}}, {"pk": 323, "model": "Notification.notification", "fields": {"content": " update his phone", "fromUser": 20, "nType": 2, "toUser": 30, "time": "2013-05-25T11:04:53"}}, {"pk": 324, "model": "Notification.notification", "fields": {"content": " update his email", "fromUser": 22, "nType": 2, "toUser": 18, "time": "2013-09-30T11:04:53"}}, {"pk": 325, "model": "Notification.notification", "fields": {"content": " update his address", "fromUser": 19, "nType": 2, "toUser": 20, "time": "2012-07-23T11:04:53"}}, {"pk": 326, "model": "Notification.notification", "fields": {"content": " update his phone", "fromUser": 31, "nType": 2, "toUser": 27, "time": "2013-09-21T11:04:53"}}, {"pk": 327, "model": "Notification.notification", "fields": {"content": " update his email", "fromUser": 19, "nType": 2, "toUser": 30, "time": "2013-01-17T11:04:53"}}, {"pk": 328, "model": "Notification.notification", "fields": {"content": " update his address", "fromUser": 20, "nType": 2, "toUser": 29, "time": "2012-12-13T11:04:53"}}, {"pk": 329, "model": "Notification.notification", "fields": {"content": " update his phone", "fromUser": 26, "nType": 2, "toUser": 28, "time": "2013-03-25T11:04:53"}}, {"pk": 330, "model": "Notification.notification", "fields": {"content": " update his address", "fromUser": 28, "nType": 3, "toUser": 30, "time": "2013-06-01T11:04:53"}}, {"pk": 331, "model": "Notification.notification", "fields": {"content": " update his email", "fromUser": 32, "nType": 3, "toUser": 27, "time": "2013-10-06T11:04:53"}}, {"pk": 332, "model": "Notification.notification", "fields": {"content": " update his email", "fromUser": 31, "nType": 3, "toUser": 27, "time": "2013-05-15T11:04:53"}}, {"pk": 333, "model": "Notification.notification", "fields": {"content": " update his address", "fromUser": 26, "nType": 3, "toUser": 25, "time": "2013-06-15T11:04:53"}}, {"pk": 334, "model": "Notification.notification", "fields": {"content": " update his email", "fromUser": 23, "nType": 3, "toUser": 31, "time": "2012-09-12T11:04:53"}}, {"pk": 335, "model": "Notification.notification", "fields": {"content": " update his address", "fromUser": 20, "nType": 3, "toUser": 26, "time": "2013-07-13T11:04:53"}}, {"pk": 336, "model": "Notification.notification", "fields": {"content": " update his email", "fromUser": 25, "nType": 3, "toUser": 24, "time": "2013-10-24T11:04:53"}}, {"pk": 337, "model": "Notification.notification", "fields": {"content": " update his email", "fromUser": 19, "nType": 1, "toUser": 23, "time": "2013-06-07T11:04:53"}}, {"pk": 338, "model": "Notification.notification", "fields": {"content": " update his phone", "fromUser": 18, "nType": 1, "toUser": 32, "time": "2013-09-17T11:04:53"}}, {"pk": 339, "model": "Notification.notification", "fields": {"content": " update his address", "fromUser": 26, "nType": 1, "toUser": 32, "time": "2013-03-07T11:04:53"}}, {"pk": 340, "model": "Notification.notification", "fields": {"content": " update his phone", "fromUser": 32, "nType": 1, "toUser": 18, "time": "2013-01-24T11:04:53"}}, {"pk": 341, "model": "Notification.notification", "fields": {"content": " update his address", "fromUser": 24, "nType": 3, "toUser": 23, "time": "2013-10-27T11:04:53"}}, {"pk": 342, "model": "Notification.notification", "fields": {"content": " update his phone", "fromUser": 30, "nType": 3, "toUser": 21, "time": "2013-07-08T11:04:53"}}, {"pk": 343, "model": "Notification.notification", "fields": {"content": " update his address", "fromUser": 20, "nType": 3, "toUser": 21, "time": "2013-09-23T11:04:53"}}, {"pk": 344, "model": "Notification.notification", "fields": {"content": " update his address", "fromUser": 29, "nType": 2, "toUser": 31, "time": "2013-04-07T11:04:53"}}, {"pk": 345, "model": "Notification.notification", "fields": {"content": " update his address", "fromUser": 26, "nType": 3, "toUser": 21, "time": "2012-12-17T11:04:53"}}, {"pk": 346, "model": "Notification.notification", "fields": {"content": " update his phone", "fromUser": 31, "nType": 3, "toUser": 20, "time": "2012-12-14T11:04:53"}}, {"pk": 347, "model": "Notification.notification", "fields": {"content": " update his phone", "fromUser": 22, "nType": 3, "toUser": 25, "time": "2013-10-31T11:04:53"}}, {"pk": 348, "model": "Notification.notification", "fields": {"content": " update his email", "fromUser": 26, "nType": 3, "toUser": 20, "time": "2012-09-18T11:04:53"}}, {"pk": 349, "model": "Notification.notification", "fields": {"content": " update his address", "fromUser": 18, "nType": 1, "toUser": 24, "time": "2013-06-12T11:04:53"}}, {"pk": 350, "model": "Notification.notification", "fields": {"content": " update his phone", "fromUser": 20, "nType": 1, "toUser": 23, "time": "2012-08-18T11:04:53"}}, {"pk": 351, "model": "Notification.notification", "fields": {"content": " update his email", "fromUser": 29, "nType": 2, "toUser": 28, "time": "2013-06-26T11:04:53"}}, {"pk": 352, "model": "Notification.notification", "fields": {"content": " update his phone", "fromUser": 20, "nType": 1, "toUser": 30, "time": "2012-09-28T11:04:53"}}, {"pk": 353, "model": "Notification.notification", "fields": {"content": " update his email", "fromUser": 21, "nType": 2, "toUser": 24, "time": "2013-07-04T11:04:53"}}, {"pk": 354, "model": "Notification.notification", "fields": {"content": " update his phone", "fromUser": 18, "nType": 2, "toUser": 21, "time": "2013-09-17T11:04:53"}}, {"pk": 355, "model": "Notification.notification", "fields": {"content": " update his email", "fromUser": 30, "nType": 3, "toUser": 28, "time": "2012-10-14T11:04:53"}}, {"pk": 356, "model": "Notification.notification", "fields": {"content": " update his email", "fromUser": 31, "nType": 2, "toUser": 21, "time": "2013-08-14T11:04:53"}}, {"pk": 357, "model": "Notification.notification", "fields": {"content": " update his email", "fromUser": 22, "nType": 1, "toUser": 23, "time": "2012-11-28T11:04:53"}}, {"pk": 358, "model": "Notification.notification", "fields": {"content": " update his email", "fromUser": 19, "nType": 3, "toUser": 26, "time": "2013-10-03T11:04:53"}}, {"pk": 359, "model": "Notification.notification", "fields": {"content": " update his email", "fromUser": 24, "nType": 3, "toUser": 31, "time": "2013-08-25T11:04:53"}}, {"pk": 360, "model": "Notification.notification", "fields": {"content": " update his phone", "fromUser": 19, "nType": 3, "toUser": 22, "time": "2012-08-01T11:04:53"}}, {"pk": 361, "model": "Notification.notification", "fields": {"content": " update his email", "fromUser": 31, "nType": 1, "toUser": 24, "time": "2013-10-15T11:04:53"}}, {"pk": 362, "model": "Notification.notification", "fields": {"content": " update his phone", "fromUser": 29, "nType": 1, "toUser": 19, "time": "2013-02-07T11:04:53"}}, {"pk": 363, "model": "Notification.notification", "fields": {"content": " update his address", "fromUser": 21, "nType": 3, "toUser": 32, "time": "2012-12-31T11:04:53"}}, {"pk": 364, "model": "Notification.notification", "fields": {"content": " update his phone", "fromUser": 31, "nType": 3, "toUser": 27, "time": "2012-12-23T11:04:53"}}, {"pk": 365, "model": "Notification.notification", "fields": {"content": " update his email", "fromUser": 21, "nType": 1, "toUser": 29, "time": "2012-11-10T11:04:53"}}, {"pk": 366, "model": "Notification.notification", "fields": {"content": " update his email", "fromUser": 19, "nType": 1, "toUser": 23, "time": "2012-09-01T11:04:53"}}, {"pk": 367, "model": "Notification.notification", "fields": {"content": " update his phone", "fromUser": 27, "nType": 2, "toUser": 24, "time": "2013-06-19T11:04:53"}}, {"pk": 368, "model": "Notification.notification", "fields": {"content": " update his address", "fromUser": 25, "nType": 1, "toUser": 27, "time": "2013-06-22T11:04:53"}}, {"pk": 369, "model": "Notification.notification", "fields": {"content": " update his phone", "fromUser": 21, "nType": 3, "toUser": 19, "time": "2013-05-12T11:04:53"}}, {"pk": 370, "model": "Notification.notification", "fields": {"content": " update his email", "fromUser": 24, "nType": 3, "toUser": 31, "time": "2012-10-12T11:04:53"}}, {"pk": 371, "model": "Notification.notification", "fields": {"content": " update his address", "fromUser": 22, "nType": 3, "toUser": 26, "time": "2013-11-24T11:04:53"}}, {"pk": 372, "model": "Notification.notification", "fields": {"content": " update his address", "fromUser": 28, "nType": 1, "toUser": 23, "time": "2013-10-10T11:04:53"}}, {"pk": 373, "model": "Notification.notification", "fields": {"content": " update his phone", "fromUser": 22, "nType": 3, "toUser": 30, "time": "2013-03-05T11:04:53"}}, {"pk": 374, "model": "Notification.notification", "fields": {"content": " update his email", "fromUser": 19, "nType": 1, "toUser": 22, "time": "2013-04-03T11:04:53"}}, {"pk": 375, "model": "Notification.notification", "fields": {"content": " update his phone", "fromUser": 27, "nType": 1, "toUser": 21, "time": "2012-09-28T11:04:53"}}, {"pk": 376, "model": "Notification.notification", "fields": {"content": " update his email", "fromUser": 27, "nType": 2, "toUser": 21, "time": "2012-09-22T11:04:53"}}, {"pk": 377, "model": "Notification.notification", "fields": {"content": " update his email", "fromUser": 28, "nType": 1, "toUser": 25, "time": "2012-08-25T11:04:53"}}, {"pk": 378, "model": "Notification.notification", "fields": {"content": " update his email", "fromUser": 18, "nType": 2, "toUser": 21, "time": "2013-04-03T11:04:53"}}, {"pk": 379, "model": "Notification.notification", "fields": {"content": " update his phone", "fromUser": 18, "nType": 1, "toUser": 22, "time": "2012-07-31T11:04:53"}}, {"pk": 380, "model": "Notification.notification", "fields": {"content": " update his address", "fromUser": 32, "nType": 2, "toUser": 26, "time": "2013-11-15T11:04:53"}}, {"pk": 381, "model": "Notification.notification", "fields": {"content": " update his email", "fromUser": 21, "nType": 1, "toUser": 30, "time": "2013-07-11T11:04:53"}}, {"pk": 382, "model": "Notification.notification", "fields": {"content": " update his email", "fromUser": 21, "nType": 3, "toUser": 18, "time": "2013-09-18T11:04:53"}}, {"pk": 383, "model": "Notification.notification", "fields": {"content": " update his email", "fromUser": 27, "nType": 1, "toUser": 30, "time": "2012-11-24T11:04:53"}}, {"pk": 384, "model": "Notification.notification", "fields": {"content": " update his email", "fromUser": 29, "nType": 1, "toUser": 23, "time": "2013-11-18T11:04:53"}}, {"pk": 385, "model": "Notification.notification", "fields": {"content": " update his email", "fromUser": 23, "nType": 2, "toUser": 25, "time": "2013-04-07T11:04:53"}}, {"pk": 386, "model": "Notification.notification", "fields": {"content": " update his address", "fromUser": 21, "nType": 1, "toUser": 29, "time": "2013-01-18T11:04:53"}}, {"pk": 387, "model": "Notification.notification", "fields": {"content": " update his email", "fromUser": 27, "nType": 2, "toUser": 18, "time": "2013-11-13T11:04:53"}}, {"pk": 388, "model": "Notification.notification", "fields": {"content": " update his phone", "fromUser": 23, "nType": 1, "toUser": 32, "time": "2012-10-21T11:04:53"}}, {"pk": 389, "model": "Notification.notification", "fields": {"content": " update his address", "fromUser": 21, "nType": 1, "toUser": 28, "time": "2012-10-26T11:04:53"}}, {"pk": 390, "model": "Notification.notification", "fields": {"content": " update his email", "fromUser": 19, "nType": 3, "toUser": 30, "time": "2013-05-25T11:04:53"}}, {"pk": 391, "model": "Notification.notification", "fields": {"content": " update his email", "fromUser": 30, "nType": 3, "toUser": 21, "time": "2013-04-16T11:04:53"}}, {"pk": 392, "model": "Notification.notification", "fields": {"content": " update his phone", "fromUser": 24, "nType": 1, "toUser": 31, "time": "2013-08-09T11:04:53"}}, {"pk": 393, "model": "Notification.notification", "fields": {"content": " update his email", "fromUser": 24, "nType": 1, "toUser": 27, "time": "2013-04-08T11:04:53"}}, {"pk": 394, "model": "Notification.notification", "fields": {"content": " update his email", "fromUser": 31, "nType": 1, "toUser": 18, "time": "2013-03-31T11:04:53"}}, {"pk": 395, "model": "Notification.notification", "fields": {"content": " update his address", "fromUser": 24, "nType": 1, "toUser": 32, "time": "2012-12-07T11:04:53"}}, {"pk": 396, "model": "Notification.notification", "fields": {"content": " update his email", "fromUser": 22, "nType": 2, "toUser": 19, "time": "2012-12-13T11:04:53"}}, {"pk": 397, "model": "Notification.notification", "fields": {"content": " update his email", "fromUser": 28, "nType": 1, "toUser": 31, "time": "2013-08-20T11:04:53"}}, {"pk": 398, "model": "Notification.notification", "fields": {"content": " update his phone", "fromUser": 24, "nType": 2, "toUser": 23, "time": "2012-09-16T11:04:53"}}, {"pk": 399, "model": "Notification.notification", "fields": {"content": " update his phone", "fromUser": 26, "nType": 1, "toUser": 24, "time": "2013-04-25T11:04:53"}}, {"pk": 400, "model": "Notification.notification", "fields": {"content": " update his email", "fromUser": 31, "nType": 2, "toUser": 18, "time": "2013-06-03T11:04:53"}}, {"pk": 401, "model": "Notification.notification", "fields": {"content": " update his email", "fromUser": 29, "nType": 3, "toUser": 32, "time": "2012-10-26T11:04:53"}}, {"pk": 402, "model": "Notification.notification", "fields": {"content": " update his email", "fromUser": 23, "nType": 2, "toUser": 26, "time": "2012-08-11T11:04:53"}}, {"pk": 403, "model": "Notification.notification", "fields": {"content": " update his email", "fromUser": 31, "nType": 3, "toUser": 27, "time": "2013-06-08T11:04:53"}}, {"pk": 404, "model": "Notification.notification", "fields": {"content": " update his address", "fromUser": 24, "nType": 3, "toUser": 22, "time": "2012-09-18T11:04:53"}}, {"pk": 405, "model": "Notification.notification", "fields": {"content": " update his address", "fromUser": 31, "nType": 2, "toUser": 22, "time": "2013-09-19T11:04:53"}}, {"pk": 406, "model": "Notification.notification", "fields": {"content": " update his phone", "fromUser": 27, "nType": 3, "toUser": 32, "time": "2013-07-05T11:04:53"}}, {"pk": 407, "model": "Notification.notification", "fields": {"content": " update his address", "fromUser": 22, "nType": 3, "toUser": 24, "time": "2013-01-31T11:04:53"}}, {"pk": 408, "model": "Notification.notification", "fields": {"content": " update his address", "fromUser": 30, "nType": 2, "toUser": 29, "time": "2013-05-24T11:04:53"}}, {"pk": 409, "model": "Notification.notification", "fields": {"content": " update his address", "fromUser": 30, "nType": 1, "toUser": 20, "time": "2012-08-24T11:04:53"}}, {"pk": 410, "model": "Notification.notification", "fields": {"content": " update his email", "fromUser": 19, "nType": 3, "toUser": 26, "time": "2013-01-07T11:04:53"}}, {"pk": 411, "model": "Notification.notification", "fields": {"content": " update his address", "fromUser": 31, "nType": 1, "toUser": 19, "time": "2013-11-23T11:04:53"}}, {"pk": 412, "model": "Notification.notification", "fields": {"content": " update his address", "fromUser": 30, "nType": 2, "toUser": 25, "time": "2013-05-06T11:04:53"}}, {"pk": 413, "model": "Notification.notification", "fields": {"content": " update his phone", "fromUser": 32, "nType": 3, "toUser": 24, "time": "2012-10-12T11:04:53"}}, {"pk": 414, "model": "Notification.notification", "fields": {"content": " update his phone", "fromUser": 24, "nType": 1, "toUser": 30, "time": "2013-10-12T11:04:53"}}, {"pk": 415, "model": "Notification.notification", "fields": {"content": " update his phone", "fromUser": 22, "nType": 3, "toUser": 29, "time": "2013-08-23T11:04:53"}}, {"pk": 416, "model": "Notification.notification", "fields": {"content": " update his phone", "fromUser": 30, "nType": 1, "toUser": 20, "time": "2013-02-27T11:04:53"}}, {"pk": 417, "model": "Notification.notification", "fields": {"content": " update his email", "fromUser": 29, "nType": 1, "toUser": 32, "time": "2013-01-24T11:04:53"}}, {"pk": 418, "model": "Notification.notification", "fields": {"content": " update his email", "fromUser": 22, "nType": 3, "toUser": 18, "time": "2013-01-12T11:04:53"}}, {"pk": 419, "model": "Notification.notification", "fields": {"content": " update his email", "fromUser": 26, "nType": 2, "toUser": 31, "time": "2013-07-06T11:04:53"}}, {"pk": 420, "model": "Notification.notification", "fields": {"content": " update his address", "fromUser": 25, "nType": 2, "toUser": 29, "time": "2013-11-04T11:04:53"}}, {"pk": 421, "model": "Notification.notification", "fields": {"content": " update his address", "fromUser": 22, "nType": 2, "toUser": 26, "time": "2012-11-01T11:04:53"}}, {"pk": 422, "model": "Notification.notification", "fields": {"content": " update his phone", "fromUser": 23, "nType": 3, "toUser": 26, "time": "2013-07-26T11:04:53"}}, {"pk": 423, "model": "Notification.notification", "fields": {"content": " update his address", "fromUser": 19, "nType": 3, "toUser": 26, "time": "2013-03-24T11:04:53"}}, {"pk": 424, "model": "Notification.notification", "fields": {"content": " update his email", "fromUser": 27, "nType": 1, "toUser": 32, "time": "2013-01-22T11:04:53"}}, {"pk": 425, "model": "Notification.notification", "fields": {"content": " update his email", "fromUser": 19, "nType": 3, "toUser": 18, "time": "2013-09-22T11:04:53"}}, {"pk": 426, "model": "Notification.notification", "fields": {"content": " update his phone", "fromUser": 27, "nType": 3, "toUser": 22, "time": "2013-11-15T11:04:54"}}, {"pk": 427, "model": "Notification.notification", "fields": {"content": " update his phone", "fromUser": 32, "nType": 3, "toUser": 29, "time": "2013-06-12T11:04:54"}}, {"pk": 428, "model": "Notification.notification", "fields": {"content": " update his phone", "fromUser": 29, "nType": 3, "toUser": 27, "time": "2013-11-24T11:04:54"}}, {"pk": 429, "model": "Notification.notification", "fields": {"content": " update his email", "fromUser": 19, "nType": 1, "toUser": 20, "time": "2013-09-19T11:04:54"}}, {"pk": 430, "model": "Notification.notification", "fields": {"content": " update his email", "fromUser": 26, "nType": 3, "toUser": 30, "time": "2013-07-18T11:04:54"}}, {"pk": 431, "model": "Notification.notification", "fields": {"content": " update his phone", "fromUser": 23, "nType": 1, "toUser": 26, "time": "2012-08-23T11:04:54"}}, {"pk": 432, "model": "Notification.notification", "fields": {"content": " update his email", "fromUser": 20, "nType": 2, "toUser": 32, "time": "2013-03-17T11:04:54"}}, {"pk": 433, "model": "Notification.notification", "fields": {"content": " update his phone", "fromUser": 29, "nType": 1, "toUser": 30, "time": "2013-03-06T11:04:54"}}, {"pk": 434, "model": "Notification.notification", "fields": {"content": " update his email", "fromUser": 19, "nType": 3, "toUser": 28, "time": "2013-08-25T11:04:54"}}, {"pk": 435, "model": "Notification.notification", "fields": {"content": " update his phone", "fromUser": 20, "nType": 1, "toUser": 29, "time": "2013-10-02T11:04:54"}}, {"pk": 436, "model": "Notification.notification", "fields": {"content": " update his address", "fromUser": 32, "nType": 3, "toUser": 28, "time": "2013-11-20T11:04:54"}}, {"pk": 437, "model": "Notification.notification", "fields": {"content": " update his email", "fromUser": 24, "nType": 1, "toUser": 31, "time": "2013-08-10T11:04:54"}}, {"pk": 438, "model": "Notification.notification", "fields": {"content": " update his address", "fromUser": 28, "nType": 2, "toUser": 31, "time": "2013-06-15T11:04:54"}}, {"pk": 439, "model": "Notification.notification", "fields": {"content": " update his address", "fromUser": 23, "nType": 1, "toUser": 26, "time": "2013-11-23T11:04:54"}}, {"pk": 440, "model": "Notification.notification", "fields": {"content": " update his phone", "fromUser": 18, "nType": 3, "toUser": 30, "time": "2013-02-28T11:04:54"}}, {"pk": 441, "model": "Notification.notification", "fields": {"content": " update his email", "fromUser": 19, "nType": 3, "toUser": 25, "time": "2012-10-22T11:04:54"}}, {"pk": 442, "model": "Notification.notification", "fields": {"content": " update his email", "fromUser": 22, "nType": 3, "toUser": 26, "time": "2013-01-04T11:04:54"}}, {"pk": 443, "model": "Notification.notification", "fields": {"content": " update his address", "fromUser": 20, "nType": 2, "toUser": 27, "time": "2012-08-31T11:04:54"}}, {"pk": 444, "model": "Notification.notification", "fields": {"content": " update his address", "fromUser": 21, "nType": 3, "toUser": 24, "time": "2012-10-16T11:04:54"}}, {"pk": 445, "model": "Notification.notification", "fields": {"content": " update his email", "fromUser": 22, "nType": 2, "toUser": 28, "time": "2012-12-31T11:04:54"}}, {"pk": 446, "model": "Notification.notification", "fields": {"content": " update his email", "fromUser": 32, "nType": 3, "toUser": 26, "time": "2013-07-18T11:04:54"}}, {"pk": 447, "model": "Notification.notification", "fields": {"content": " update his phone", "fromUser": 31, "nType": 1, "toUser": 26, "time": "2012-08-21T11:04:54"}}, {"pk": 448, "model": "Notification.notification", "fields": {"content": " update his address", "fromUser": 25, "nType": 1, "toUser": 21, "time": "2012-11-09T11:04:54"}}, {"pk": 449, "model": "Notification.notification", "fields": {"content": " update his email", "fromUser": 20, "nType": 2, "toUser": 32, "time": "2013-10-03T11:04:54"}}, {"pk": 450, "model": "Notification.notification", "fields": {"content": " update his phone", "fromUser": 25, "nType": 1, "toUser": 19, "time": "2012-08-10T11:04:54"}}, {"pk": 451, "model": "Notification.notification", "fields": {"content": " update his phone", "fromUser": 20, "nType": 1, "toUser": 32, "time": "2012-08-09T11:04:54"}}, {"pk": 452, "model": "Notification.notification", "fields": {"content": " update his email", "fromUser": 24, "nType": 3, "toUser": 21, "time": "2012-12-04T11:04:54"}}, {"pk": 453, "model": "Notification.notification", "fields": {"content": " update his email", "fromUser": 23, "nType": 1, "toUser": 31, "time": "2013-09-24T11:04:54"}}, {"pk": 454, "model": "Notification.notification", "fields": {"content": " update his email", "fromUser": 30, "nType": 3, "toUser": 18, "time": "2013-10-10T11:04:54"}}, {"pk": 455, "model": "Notification.notification", "fields": {"content": " update his address", "fromUser": 24, "nType": 3, "toUser": 23, "time": "2013-01-02T11:04:54"}}, {"pk": 456, "model": "Notification.notification", "fields": {"content": " update his email", "fromUser": 31, "nType": 2, "toUser": 19, "time": "2013-02-19T11:04:54"}}, {"pk": 457, "model": "Notification.notification", "fields": {"content": " update his phone", "fromUser": 22, "nType": 1, "toUser": 31, "time": "2013-02-07T11:04:54"}}, {"pk": 458, "model": "Notification.notification", "fields": {"content": " update his address", "fromUser": 23, "nType": 2, "toUser": 20, "time": "2012-09-08T11:04:54"}}, {"pk": 459, "model": "Notification.notification", "fields": {"content": " update his phone", "fromUser": 31, "nType": 1, "toUser": 19, "time": "2013-04-09T11:04:54"}}, {"pk": 460, "model": "Notification.notification", "fields": {"content": " update his address", "fromUser": 18, "nType": 3, "toUser": 29, "time": "2013-02-17T11:04:54"}}, {"pk": 461, "model": "Notification.notification", "fields": {"content": " update his address", "fromUser": 20, "nType": 2, "toUser": 31, "time": "2013-07-05T11:04:54"}}, {"pk": 462, "model": "Notification.notification", "fields": {"content": " update his email", "fromUser": 18, "nType": 2, "toUser": 25, "time": "2013-11-10T11:04:54"}}, {"pk": 463, "model": "Notification.notification", "fields": {"content": " update his phone", "fromUser": 29, "nType": 3, "toUser": 26, "time": "2013-01-02T11:04:54"}}, {"pk": 464, "model": "Notification.notification", "fields": {"content": " update his phone", "fromUser": 29, "nType": 1, "toUser": 31, "time": "2013-08-08T11:04:54"}}, {"pk": 465, "model": "Notification.notification", "fields": {"content": " request to be your friend", "fromUser": 20, "nType": 4, "toUser": 20, "time": "2013-04-27T11:04:54"}}, {"pk": 466, "model": "Notification.notification", "fields": {"content": " request to be your friend", "fromUser": 25, "nType": 4, "toUser": 25, "time": "2012-12-27T11:04:54"}}, {"pk": 467, "model": "Notification.notification", "fields": {"content": " request to be your friend", "fromUser": 23, "nType": 4, "toUser": 23, "time": "2012-12-06T11:04:54"}}, {"pk": 468, "model": "Notification.notification", "fields": {"content": " request to be your friend", "fromUser": 19, "nType": 4, "toUser": 19, "time": "2013-04-29T11:04:54"}}, {"pk": 469, "model": "Notification.notification", "fields": {"content": " request to be your friend", "fromUser": 18, "nType": 4, "toUser": 18, "time": "2013-08-12T11:04:54"}}, {"pk": 470, "model": "Notification.notification", "fields": {"content": " request to be your friend", "fromUser": 21, "nType": 4, "toUser": 32, "time": "2012-12-13T11:04:54"}}, {"pk": 471, "model": "Notification.notification", "fields": {"content": " request to be your friend", "fromUser": 30, "nType": 4, "toUser": 30, "time": "2013-08-03T11:04:54"}}, {"pk": 472, "model": "Notification.notification", "fields": {"content": " request to be your friend", "fromUser": 22, "nType": 4, "toUser": 29, "time": "2013-08-27T11:04:54"}}, {"pk": 473, "model": "Notification.notification", "fields": {"content": " request to be your friend", "fromUser": 31, "nType": 4, "toUser": 32, "time": "2012-10-16T11:04:54"}}, {"pk": 474, "model": "Notification.notification", "fields": {"content": " request to be your friend", "fromUser": 29, "nType": 4, "toUser": 29, "time": "2012-10-10T11:04:54"}}, {"pk": 475, "model": "Notification.notification", "fields": {"content": " request to be your friend", "fromUser": 25, "nType": 4, "toUser": 32, "time": "2013-10-13T11:04:54"}}, {"pk": 476, "model": "Notification.notification", "fields": {"content": " request to be your friend", "fromUser": 25, "nType": 4, "toUser": 31, "time": "2012-10-19T11:04:54"}}, {"pk": 477, "model": "Notification.notification", "fields": {"content": " request to be your friend", "fromUser": 28, "nType": 4, "toUser": 28, "time": "2013-10-13T11:04:54"}}, {"pk": 478, "model": "Notification.notification", "fields": {"content": " request to be your friend", "fromUser": 24, "nType": 4, "toUser": 24, "time": "2013-10-16T11:04:54"}}, {"pk": 479, "model": "Notification.notification", "fields": {"content": " request to be your friend", "fromUser": 21, "nType": 4, "toUser": 21, "time": "2013-10-17T11:04:54"}}, {"pk": 480, "model": "Notification.notification", "fields": {"content": " request to be your friend", "fromUser": 26, "nType": 4, "toUser": 26, "time": "2013-04-21T11:04:54"}}, {"pk": 481, "model": "Notification.notification", "fields": {"content": " request to be your friend", "fromUser": 29, "nType": 4, "toUser": 22, "time": "2012-12-09T11:04:54"}}, {"pk": 482, "model": "Notification.notification", "fields": {"content": " request to be your friend", "fromUser": 31, "nType": 4, "toUser": 31, "time": "2012-10-04T11:04:54"}}, {"pk": 483, "model": "Notification.notification", "fields": {"content": " request to be your friend", "fromUser": 31, "nType": 4, "toUser": 25, "time": "2012-10-11T11:04:54"}}, {"pk": 484, "model": "Notification.notification", "fields": {"content": " request to be your friend", "fromUser": 32, "nType": 4, "toUser": 32, "time": "2013-03-14T11:04:54"}}, {"pk": 485, "model": "Notification.notification", "fields": {"content": " request to be your friend", "fromUser": 32, "nType": 4, "toUser": 25, "time": "2013-03-09T11:04:54"}}, {"pk": 486, "model": "Notification.notification", "fields": {"content": " request to be your friend", "fromUser": 32, "nType": 4, "toUser": 29, "time": "2013-09-06T11:04:54"}}, {"pk": 487, "model": "Notification.notification", "fields": {"content": " request to be your friend", "fromUser": 27, "nType": 4, "toUser": 27, "time": "2013-03-28T11:04:55"}}, {"pk": 488, "model": "Notification.notification", "fields": {"content": " request to be your friend", "fromUser": 27, "nType": 4, "toUser": 28, "time": "2013-10-26T11:04:55"}}, {"pk": 489, "model": "Notification.notification", "fields": {"content": " request to be your friend", "fromUser": 22, "nType": 4, "toUser": 32, "time": "2012-11-12T11:04:55"}}, {"pk": 490, "model": "Notification.notification", "fields": {"content": " request to be your friend", "fromUser": 29, "nType": 4, "toUser": 32, "time": "2013-07-10T11:04:55"}}, {"pk": 491, "model": "Notification.notification", "fields": {"content": " request to be your friend", "fromUser": 32, "nType": 4, "toUser": 21, "time": "2013-02-14T11:04:55"}}, {"pk": 492, "model": "Notification.notification", "fields": {"content": " request to be your friend", "fromUser": 22, "nType": 4, "toUser": 22, "time": "2012-09-21T11:04:55"}}, {"pk": 493, "model": "Notification.notification", "fields": {"content": " request to be your friend", "fromUser": 28, "nType": 4, "toUser": 27, "time": "2013-04-19T11:04:55"}}, {"pk": 494, "model": "Notification.notification", "fields": {"content": " request to be your friend", "fromUser": 32, "nType": 4, "toUser": 22, "time": "2012-10-18T11:04:55"}}, {"pk": 72, "model": "Permission.permissiontemplate", "fields": {"time": "2013-01-24T11:04:52", "permission": "+++-+--+----+----+----+----++-------++", "user": 18, "name": "friend"}}, {"pk": 73, "model": "Permission.permissiontemplate", "fields": {"time": "2013-01-24T11:04:52", "permission": "+++-+--+--------------+-------------++", "user": 18, "name": "classmate"}}, {"pk": 74, "model": "Permission.permissiontemplate", "fields": {"time": "2013-01-24T11:04:52", "permission": "+++-+--+----+----+----+-------------++", "user": 18, "name": "family"}}, {"pk": 75, "model": "Permission.permissiontemplate", "fields": {"time": "2013-01-24T11:04:52", "permission": "++++++-+-+++++++------++----+--+--++++", "user": 18, "name": "custom"}}, {"pk": 76, "model": "Permission.permissiontemplate", "fields": {"time": "2013-05-19T11:04:52", "permission": "+++-+--+----+----+----+----++-------++", "user": 19, "name": "friend"}}, {"pk": 77, "model": "Permission.permissiontemplate", "fields": {"time": "2013-05-19T11:04:52", "permission": "+++-+--+--------------+-------------++", "user": 19, "name": "classmate"}}, {"pk": 78, "model": "Permission.permissiontemplate", "fields": {"time": "2013-05-19T11:04:52", "permission": "+++-+--+----+----+----+-------------++", "user": 19, "name": "family"}}, {"pk": 79, "model": "Permission.permissiontemplate", "fields": {"time": "2013-05-19T11:04:52", "permission": "++-++----++++---+-++++++-+-++--+++-+--", "user": 19, "name": "custom"}}, {"pk": 80, "model": "Permission.permissiontemplate", "fields": {"time": "2012-10-25T11:04:52", "permission": "+++-+--+----+----+----+----++-------++", "user": 20, "name": "friend"}}, {"pk": 81, "model": "Permission.permissiontemplate", "fields": {"time": "2012-10-25T11:04:52", "permission": "+++-+--+--------------+-------------++", "user": 20, "name": "classmate"}}, {"pk": 82, "model": "Permission.permissiontemplate", "fields": {"time": "2012-10-25T11:04:52", "permission": "+++-+--+----+----+----+-------------++", "user": 20, "name": "family"}}, {"pk": 83, "model": "Permission.permissiontemplate", "fields": {"time": "2012-10-25T11:04:52", "permission": "++-++-+--++-++------++++--+-+-+++--+--", "user": 20, "name": "custom"}}, {"pk": 84, "model": "Permission.permissiontemplate", "fields": {"time": "2013-02-08T11:04:52", "permission": "+++-+--+----+----+----+----++-------++", "user": 21, "name": "friend"}}, {"pk": 85, "model": "Permission.permissiontemplate", "fields": {"time": "2013-02-08T11:04:52", "permission": "+++-+--+--------------+-------------++", "user": 21, "name": "classmate"}}, {"pk": 86, "model": "Permission.permissiontemplate", "fields": {"time": "2013-02-08T11:04:52", "permission": "+++-+--+----+----+----+-------------++", "user": 21, "name": "family"}}, {"pk": 87, "model": "Permission.permissiontemplate", "fields": {"time": "2013-02-08T11:04:52", "permission": "++-++--++++-+--+++--+----++++-++++---+", "user": 21, "name": "custom"}}, {"pk": 88, "model": "Permission.permissiontemplate", "fields": {"time": "2012-09-06T11:04:52", "permission": "+++-+--+----+----+----+----++-------++", "user": 22, "name": "friend"}}, {"pk": 89, "model": "Permission.permissiontemplate", "fields": {"time": "2012-09-06T11:04:52", "permission": "+++-+--+--------------+-------------++", "user": 22, "name": "classmate"}}, {"pk": 90, "model": "Permission.permissiontemplate", "fields": {"time": "2012-09-06T11:04:52", "permission": "+++-+--+----+----+----+-------------++", "user": 22, "name": "family"}}, {"pk": 91, "model": "Permission.permissiontemplate", "fields": {"time": "2012-09-06T11:04:52", "permission": "++---+++-++-+-+--++-+++++++-----+-++-+", "user": 22, "name": "custom"}}, {"pk": 92, "model": "Permission.permissiontemplate", "fields": {"time": "2012-10-05T11:04:52", "permission": "+++-+--+----+----+----+----++-------++", "user": 23, "name": "friend"}}, {"pk": 93, "model": "Permission.permissiontemplate", "fields": {"time": "2012-10-05T11:04:52", "permission": "+++-+--+--------------+-------------++", "user": 23, "name": "classmate"}}, {"pk": 94, "model": "Permission.permissiontemplate", "fields": {"time": "2012-10-05T11:04:52", "permission": "+++-+--+----+----+----+-------------++", "user": 23, "name": "family"}}, {"pk": 95, "model": "Permission.permissiontemplate", "fields": {"time": "2012-10-05T11:04:52", "permission": "++--+-+++--+-++++-++-+++-+-++--+---++-", "user": 23, "name": "custom"}}, {"pk": 96, "model": "Permission.permissiontemplate", "fields": {"time": "2013-06-10T11:04:52", "permission": "+++-+--+----+----+----+----++-------++", "user": 24, "name": "friend"}}, {"pk": 97, "model": "Permission.permissiontemplate", "fields": {"time": "2013-06-10T11:04:52", "permission": "+++-+--+--------------+-------------++", "user": 24, "name": "classmate"}}, {"pk": 98, "model": "Permission.permissiontemplate", "fields": {"time": "2013-06-10T11:04:52", "permission": "+++-+--+----+----+----+-------------++", "user": 24, "name": "family"}}, {"pk": 99, "model": "Permission.permissiontemplate", "fields": {"time": "2013-06-10T11:04:52", "permission": "++---+-++-++-++-+++-++++-++-++-++---++", "user": 24, "name": "custom"}}, {"pk": 100, "model": "Permission.permissiontemplate", "fields": {"time": "2013-05-14T11:04:52", "permission": "+++-+--+----+----+----+----++-------++", "user": 25, "name": "friend"}}, {"pk": 101, "model": "Permission.permissiontemplate", "fields": {"time": "2013-05-14T11:04:52", "permission": "+++-+--+--------------+-------------++", "user": 25, "name": "classmate"}}, {"pk": 102, "model": "Permission.permissiontemplate", "fields": {"time": "2013-05-14T11:04:52", "permission": "+++-+--+----+----+----+-------------++", "user": 25, "name": "family"}}, {"pk": 103, "model": "Permission.permissiontemplate", "fields": {"time": "2013-05-14T11:04:52", "permission": "+++++--+++-+++---++---+-+++--+++++-+-+", "user": 25, "name": "custom"}}, {"pk": 104, "model": "Permission.permissiontemplate", "fields": {"time": "2013-11-01T11:04:52", "permission": "+++-+--+----+----+----+----++-------++", "user": 26, "name": "friend"}}, {"pk": 105, "model": "Permission.permissiontemplate", "fields": {"time": "2013-11-01T11:04:52", "permission": "+++-+--+--------------+-------------++", "user": 26, "name": "classmate"}}, {"pk": 106, "model": "Permission.permissiontemplate", "fields": {"time": "2013-11-01T11:04:52", "permission": "+++-+--+----+----+----+-------------++", "user": 26, "name": "family"}}, {"pk": 107, "model": "Permission.permissiontemplate", "fields": {"time": "2013-11-01T11:04:52", "permission": "++-++--+--+--+-++---++-++--+--+-++-+-+", "user": 26, "name": "custom"}}, {"pk": 108, "model": "Permission.permissiontemplate", "fields": {"time": "2013-03-06T11:04:52", "permission": "+++-+--+----+----+----+----++-------++", "user": 27, "name": "friend"}}, {"pk": 109, "model": "Permission.permissiontemplate", "fields": {"time": "2013-03-06T11:04:52", "permission": "+++-+--+--------------+-------------++", "user": 27, "name": "classmate"}}, {"pk": 110, "model": "Permission.permissiontemplate", "fields": {"time": "2013-03-06T11:04:52", "permission": "+++-+--+----+----+----+-------------++", "user": 27, "name": "family"}}, {"pk": 111, "model": "Permission.permissiontemplate", "fields": {"time": "2013-03-06T11:04:52", "permission": "++--+-++++++--+--++++-+-++--+---------", "user": 27, "name": "custom"}}, {"pk": 112, "model": "Permission.permissiontemplate", "fields": {"time": "2013-05-29T11:04:52", "permission": "+++-+--+----+----+----+----++-------++", "user": 28, "name": "friend"}}, {"pk": 113, "model": "Permission.permissiontemplate", "fields": {"time": "2013-05-29T11:04:52", "permission": "+++-+--+--------------+-------------++", "user": 28, "name": "classmate"}}, {"pk": 114, "model": "Permission.permissiontemplate", "fields": {"time": "2013-05-29T11:04:52", "permission": "+++-+--+----+----+----+-------------++", "user": 28, "name": "family"}}, {"pk": 115, "model": "Permission.permissiontemplate", "fields": {"time": "2013-05-29T11:04:52", "permission": "++-+----+--+--++-+--+---++--+--++++-++", "user": 28, "name": "custom"}}, {"pk": 116, "model": "Permission.permissiontemplate", "fields": {"time": "2012-10-15T11:04:52", "permission": "+++-+--+----+----+----+----++-------++", "user": 29, "name": "friend"}}, {"pk": 117, "model": "Permission.permissiontemplate", "fields": {"time": "2012-10-15T11:04:52", "permission": "+++-+--+--------------+-------------++", "user": 29, "name": "classmate"}}, {"pk": 118, "model": "Permission.permissiontemplate", "fields": {"time": "2012-10-15T11:04:52", "permission": "+++-+--+----+----+----+-------------++", "user": 29, "name": "family"}}, {"pk": 119, "model": "Permission.permissiontemplate", "fields": {"time": "2012-10-15T11:04:52", "permission": "+++++-+++--+--+-++-++-+----+----++-++-", "user": 29, "name": "custom"}}, {"pk": 120, "model": "Permission.permissiontemplate", "fields": {"time": "2013-06-12T11:04:52", "permission": "+++-+--+----+----+----+----++-------++", "user": 30, "name": "friend"}}, {"pk": 121, "model": "Permission.permissiontemplate", "fields": {"time": "2013-06-12T11:04:52", "permission": "+++-+--+--------------+-------------++", "user": 30, "name": "classmate"}}, {"pk": 122, "model": "Permission.permissiontemplate", "fields": {"time": "2013-06-12T11:04:52", "permission": "+++-+--+----+----+----+-------------++", "user": 30, "name": "family"}}, {"pk": 123, "model": "Permission.permissiontemplate", "fields": {"time": "2013-06-12T11:04:52", "permission": "++-+--+---+---+++++-+++-----+--+-++-++", "user": 30, "name": "custom"}}, {"pk": 124, "model": "Permission.permissiontemplate", "fields": {"time": "2013-04-19T11:04:52", "permission": "+++-+--+----+----+----+----++-------++", "user": 31, "name": "friend"}}, {"pk": 125, "model": "Permission.permissiontemplate", "fields": {"time": "2013-04-19T11:04:52", "permission": "+++-+--+--------------+-------------++", "user": 31, "name": "classmate"}}, {"pk": 126, "model": "Permission.permissiontemplate", "fields": {"time": "2013-04-19T11:04:52", "permission": "+++-+--+----+----+----+-------------++", "user": 31, "name": "family"}}, {"pk": 127, "model": "Permission.permissiontemplate", "fields": {"time": "2013-04-19T11:04:52", "permission": "++++-+-++-++-++++++---+--++-++-++----+", "user": 31, "name": "custom"}}, {"pk": 128, "model": "Permission.permissiontemplate", "fields": {"time": "2013-04-03T11:04:52", "permission": "+++-+--+----+----+----+----++-------++", "user": 32, "name": "friend"}}, {"pk": 129, "model": "Permission.permissiontemplate", "fields": {"time": "2013-04-03T11:04:52", "permission": "+++-+--+--------------+-------------++", "user": 32, "name": "classmate"}}, {"pk": 130, "model": "Permission.permissiontemplate", "fields": {"time": "2013-04-03T11:04:52", "permission": "+++-+--+----+----+----+-------------++", "user": 32, "name": "family"}}, {"pk": 131, "model": "Permission.permissiontemplate", "fields": {"time": "2013-04-03T11:04:52", "permission": "++--++-+--++--++-++++-+--+---+---++-+-", "user": 32, "name": "custom"}}]